dietary_preference,daily_cals_goal,protein_g,carbs_g,fats_g,fav_cuisine
Omnivore,2797.75,209.83,279.78,93.26,[]
Vegetarian,1870.34,140.28,187.03,62.34,Chinese
Vegan,1670.5,217.05,162.79,72.35,Chinese
Omnivore,1680.4,218.04,163.53,72.68,Chinese
Vegetarian,1429.0,192.9,144.67,64.3,Chinese
Vegan,1468.16,110.11,146.82,48.94,Japanese
Omnivore,2681.38,318.14,238.6,106.05,Japanese
Vegetarian,2046.96,254.7,191.02,84.9,Chinese
Vegan,2679.44,317.94,238.46,105.98,American
Vegan,1154.8,165.48,124.11,55.16,Italian
Omnivore,2481.88,186.14,248.19,82.73,American
Vegan,2108.39,158.13,210.84,70.28,Chinese
Vegetarian,1670.5,217.05,162.79,72.35,Italian
Omnivore,1459.2,195.92,146.94,65.31,American
Vegan,2272.94,277.29,207.97,92.43,[]
Vegan,1889.25,141.69,188.93,62.97,Chinese
Omnivore,2753.78,325.38,244.03,108.46,Japanese
Vegetarian,1730.4499999999998,223.04,167.28,74.35,American
Omnivore,2363.44,286.34,214.76,95.45,Chinese
Vegan,937.3,143.73,107.8,47.91,Italian
Omnivore,1787.84,134.09,178.78,59.59,[]
Omnivore,2697.0,202.28,269.7,89.9,Russian
Vegetarian,1016.8,151.68,113.76,50.56,Chinese
Omnivore,2195.06,269.51,202.13,89.84,American
Vegan,2434.84,182.61,243.48,81.16,Chinese
Omnivore,2162.34,266.23,199.68,88.74,Chinese
Vegan,1281.3,96.1,128.13,42.71,American
Omnivore,3333.56,250.02,333.36,111.12,Italian
Vegetarian,2022.62,252.26,189.2,84.09,American
Vegan,1689.88,126.74,168.99,56.33,American
Omnivore,1849.72,138.73,184.97,61.66,American
Vegetarian,2274.5,277.45,208.09,92.48,American
Vegan,956.8,145.68,109.26,48.56,Chinese
Omnivore,2833.56,333.36,250.02,111.12,Chinese
Vegan,1293.3,97.0,129.33,43.11,American
Omnivore,2571.06,192.83,257.11,85.7,Russian
Vegetarian,1557.69,205.77,154.33,68.59,American
Omnivore,2245.44,274.54,205.91,91.51,Chinese
Vegan,2292.53,171.94,229.25,76.42,Russian
Omnivore,2361.56,177.12,236.16,78.72,Japanese
Omnivore,2797.75,209.83,279.78,93.26,Russian
Vegetarian,1870.34,140.28,187.03,62.34,Italian
Vegan,1568.5,206.85,155.14,68.95,American
Omnivore,1217.38,171.74,128.8,57.25,American
Omnivore,2900.41,340.04,255.03,113.35,Russian
Vegan,2187.83,164.09,218.78,72.93,American
Omnivore,1429.0,192.9,144.67,64.3,Chinese
Vegetarian,2180.4,163.53,218.04,72.68,Chinese
Vegan,2098.7,157.4,209.87,69.96,Chinese
Omnivore,1669.0,216.9,162.67,72.3,Italian
Omnivore,2050.62,255.06,191.3,85.02,Chinese
Vegetarian,2030.89,152.32,203.09,67.7,American
Omnivore,2620.09,312.01,234.01,104.0,American
Vegan,1016.8,151.68,113.76,50.56,Italian
Vegan,2477.94,297.79,223.35,99.26,Italian
Omnivore,1078.16,157.82,118.36,52.61,American
Vegetarian,2046.96,254.7,191.02,84.9,American
Vegan,2917.88,218.84,291.79,97.26,Japanese
Omnivore,1693.0,219.3,164.47,73.1,Chinese
Vegetarian,1437.38,193.74,145.3,64.58,American
Omnivore,2797.75,209.83,279.78,93.26,Chinese
Vegetarian,1801.59,135.12,180.16,60.05,American
Omnivore,1568.5,206.85,155.14,68.95,Chinese
Vegan,2434.84,182.61,243.48,81.16,American
Omnivore,1189.88,168.99,126.74,56.33,American
Omnivore,2658.12,315.81,236.86,105.27,Chinese
Vegetarian,1516.8,113.76,151.68,50.56,[]
Vegetarian,1036.91,153.69,115.27,51.23,American
Omnivore,1849.72,138.73,184.97,61.66,American
Omnivore,2321.0,282.1,211.57,94.03,Chinese
Vegetarian,1193.8,169.38,127.03,56.46,Chinese
Vegan,2171.81,267.18,200.39,89.06,American
Vegan,1121.12,162.11,121.58,54.04,[]
Omnivore,3040.56,354.06,265.54,118.02,Japanese
Vegetarian,1516.8,113.76,151.68,50.56,Japanese
Vegan,2446.94,294.69,221.02,98.23,American
Omnivore,1909.88,143.24,190.99,63.66,Italian
Vegetarian,1453.0,195.3,146.47,65.1,Chinese
Omnivore,2797.75,209.83,279.78,93.26,Russian
Vegetarian,1596.3,119.72,159.63,53.21,American
Omnivore,1822.03,232.2,174.15,77.4,American
Vegan,1960.71,246.07,184.55,82.02,Chinese
Omnivore,1513.0,201.3,150.97,67.1,American
Vegetarian,1982.45,148.68,198.25,66.08,American
Omnivore,1962.81,147.21,196.28,65.43,Chinese
Vegan,2309.78,173.23,230.98,76.99,Italian
Vegetarian,1150.3,165.03,123.77,55.01,American
Omnivore,2632.94,313.29,234.97,104.43,Chinese
Omnivore,1849.72,138.73,184.97,61.66,American
Omnivore,2321.0,282.1,211.57,94.03,American
Vegetarian,1016.8,151.68,113.76,50.56,Chinese
Vegan,2850.81,335.08,251.31,111.69,American
Omnivore,1962.56,246.26,184.69,82.09,American
Vegan,1573.8,118.03,157.38,52.46,American
Vegetarian,1854.88,139.12,185.49,61.83,Chinese
Vegan,2100.12,260.01,195.01,86.67,American
Omnivore,2865.91,336.59,252.44,112.2,American
Vegan,1226.8,172.68,129.51,57.56,American
Omnivore,1760.34,132.03,176.03,58.68,American
Vegetarian,2220.25,272.03,204.02,90.67,Chinese
Vegan,2314.09,173.56,231.41,77.14,Russian
Omnivore,2319.0,173.92,231.9,77.3,American
Vegan,1404.95,190.5,142.87,63.5,[]
Omnivore,2231.09,273.11,204.83,91.04,Chinese
Vegetarian,2557.74,191.83,255.77,85.26,Italian
Vegan,1573.0,207.3,155.47,69.1,Japanese
Omnivore,2272.38,155.08,199.39,39.39,Chinese
Vegetarian,2071.06,257.11,192.83,85.7,[]
Omnivore,2671.81,200.39,267.18,89.06,American
Vegetarian,1760.34,132.03,176.03,58.68,Chinese
Omnivore,1606.0,210.6,157.95,70.2,American
Vegan,974.8,147.48,110.61,49.16,Chinese
Omnivore,2434.84,182.61,243.48,81.16,Japanese
Vegan,2869.44,215.21,286.94,95.65,Russian
Omnivore,1600.31,210.03,157.52,70.01,American
Vegetarian,2234.31,167.57,223.43,74.48,Chinese
Omnivore,1197.3,89.8,119.73,39.91,[]
Omnivore,2658.12,315.81,236.86,105.27,[]
Omnivore,2797.75,209.83,279.78,93.26,American
Vegetarian,1884.09,141.31,188.41,62.8,[]
Omnivore,1568.5,206.85,155.14,68.95,Japanese
Vegan,2314.09,173.56,231.41,77.14,Japanese
Vegetarian,1717.01,128.78,171.7,57.23,Chinese
Omnivore,3040.56,354.06,265.54,118.02,American
Vegan,1600.5,120.04,160.05,53.35,Italian
Omnivore,2400.44,290.04,217.53,96.68,Chinese
Omnivore,1291.0,179.1,134.32,59.7,Chinese
Vegan,2370.15,177.76,237.02,79.0,American
Omnivore,2375.25,287.53,215.64,95.84,Japanese
Vegetarian,1870.34,140.28,187.03,62.34,Chinese
Vegan,1628.5,212.85,159.64,70.95,[]
Omnivore,2206.28,165.47,220.63,73.54,American
Vegan,1058.8,155.88,116.91,51.96,Chinese
Omnivore,2665.88,316.59,237.44,105.53,Russian
Vegetarian,1940.81,145.56,194.08,64.69,Chinese
Omnivore,2710.66,321.07,240.8,107.02,American
Vegan,1875.5,140.66,187.55,62.52,Chinese
Omnivore,1549.0,204.9,153.67,68.3,American
Omnivore,2054.14,154.06,205.41,68.47,Russian
Omnivore,2002.5,250.25,187.69,83.42,American
Vegetarian,1016.8,151.68,113.76,50.56,American
Vegan,2510.88,301.09,225.82,100.36,Russian
Vegan,805.3,130.53,97.9,43.51,Japanese
Omnivore,2499.34,299.93,224.95,99.98,American
Vegetarian,1892.69,141.95,189.27,63.09,Chinese
Vegan,2779.66,327.97,245.97,109.32,Chinese
Vegan,2059.95,154.5,206.0,68.66,[]
Omnivore,1519.0,201.9,151.42,67.3,Chinese
Omnivore,1829.09,137.18,182.91,60.97,American
Vegetarian,2720.25,204.02,272.03,90.67,American
Vegan,1076.8,157.68,118.26,52.56,Russian
Omnivore,2117.56,261.76,196.32,87.25,Russian
Omnivore,2314.09,173.56,231.41,77.14,Italian
Vegetarian,2196.72,269.67,202.25,89.89,American
Omnivore,841.3,134.13,100.6,44.71,Chinese
Vegan,1381.0,188.1,141.07,62.7,[]
Omnivore,2456.4,184.23,245.64,81.88,Japanese
Vegan,2627.12,312.71,234.53,104.24,Chinese
Omnivore,2797.75,209.83,279.78,93.26,Japanese
Vegetarian,1054.3,155.43,116.57,51.81,Chinese
Omnivore,2919.81,341.98,256.49,113.99,[]
Vegan,1665.81,124.94,166.58,55.53,American
Omnivore,2865.91,336.59,252.44,112.2,Chinese
Vegan,1318.8,98.91,131.88,43.96,Russian
Vegetarian,1964.69,246.47,184.85,82.16,Chinese
Vegan,1786.5,133.99,178.65,59.55,Chinese
Omnivore,2059.95,154.5,206.0,68.66,[]
Omnivore,2375.25,287.53,215.64,95.84,Japanese
Vegetarian,1572.3,117.92,157.23,52.41,American
Vegan,1306.75,180.68,135.51,60.22,American
Omnivore,2796.91,329.69,247.27,109.9,Chinese
Vegetarian,2265.33,169.9,226.53,75.51,Italian
Omnivore,1684.5300000000002,218.45,163.84,72.82,American
Vegan,2114.2,158.56,211.42,70.47,American
Omnivore,3419.81,256.49,341.98,113.99,Japanese
Vegetarian,1244.8,174.48,130.86,58.16,Italian
Vegan,2888.81,216.66,288.88,96.29,American
Omnivore,2797.75,209.83,279.78,93.26,American
Vegetarian,1870.34,140.28,187.03,62.34,Italian
Omnivore,1610.5,211.05,158.29,70.35,Italian
Vegan,2521.09,189.08,252.11,84.04,American
Vegan,1034.8,153.48,115.11,51.16,American
Omnivore,2578.69,307.87,230.9,102.62,Chinese
Vegetarian,1834.25,137.57,183.43,61.14,American
Omnivore,1393.0,189.3,141.97,63.1,[]
Vegan,2447.78,183.58,244.78,81.59,American
Vegan,1381.8,103.63,138.18,46.06,Italian
Omnivore,1780.97,133.57,178.1,59.37,[]
Vegetarian,2197.0,269.7,202.28,89.9,[]
Vegan,1669.8,125.23,166.98,55.66,Chinese
Omnivore,2326.84,282.68,212.01,94.23,American
Vegan,1648.62,123.65,164.86,54.95,[]
Omnivore,2501.19,300.12,225.09,100.04,Japanese
Vegan,1333.8,100.03,133.38,44.46,Japanese
Omnivore,3135.19,235.14,313.52,104.51,Chinese
Vegetarian,1909.88,143.24,190.99,63.66,American
Vegan,2076.88,257.69,193.27,85.9,Japanese
Omnivore,2375.25,287.53,215.64,95.84,Italian
Vegetarian,1801.59,135.12,180.16,60.05,Chinese
Omnivore,1568.5,206.85,155.14,68.95,Chinese
Vegan,938.8,143.88,107.91,47.96,American
Omnivore,3040.56,354.06,265.54,118.02,Japanese
Vegan,1734.33,223.43,167.57,74.48,Italian
Omnivore,2141.72,264.17,198.13,88.06,Chinese
Vegetarian,1512.3,113.42,151.23,50.41,American
Vegan,2314.09,173.56,231.41,77.14,Russian
Omnivore,2071.06,257.11,192.83,85.7,Italian
Omnivore,2375.25,287.53,215.64,95.84,Italian
Vegetarian,1632.3,122.42,163.23,54.41,Italian
Omnivore,1870.16,237.02,177.76,79.01,[]
Vegan,1034.8,153.48,115.11,51.16,American
Omnivore,3040.56,354.06,265.54,118.02,American
Vegetarian,2156.83,161.76,215.68,71.89,American
Omnivore,1600.31,210.03,157.52,70.01,Japanese
Vegan,2268.81,170.16,226.88,75.63,Japanese
Omnivore,2423.69,292.37,219.28,97.46,Chinese
Vegan,1269.3,95.2,126.93,42.31,Russian
Omnivore,2054.14,154.06,205.41,68.47,American
Vegetarian,2071.25,257.12,192.84,85.71,Russian
Vegan,956.8,145.68,109.26,48.56,Chinese
Omnivore,2900.41,340.04,255.03,113.35,American
Vegetarian,2571.06,192.83,257.11,85.7,American
Omnivore,1920.19,144.01,192.02,64.01,[]
Omnivore,1453.0,195.3,146.47,65.1,Chinese
Vegan,917.8,141.78,106.33,47.26,American
Vegetarian,2919.81,341.98,256.49,113.99,Chinese
Omnivore,2375.25,287.53,215.64,95.84,Italian
Vegan,1232.84,173.28,129.96,57.76,American
Omnivore,2868.06,336.81,252.6,112.27,Italian
Vegetarian,1591.8,119.38,159.18,53.06,Japanese
Vegan,1982.45,148.68,198.25,66.08,American
Omnivore,1993.56,249.36,187.02,83.12,Chinese
Omnivore,2796.91,329.69,247.27,109.9,American
Vegetarian,1633.8,122.53,163.38,54.46,American
Vegan,1468.16,110.11,146.82,48.94,American
Omnivore,2967.0,222.53,296.7,98.9,Chinese
Omnivore,2375.25,287.53,215.64,95.84,[]
Vegetarian,1801.59,135.12,180.16,60.05,Japanese
Omnivore,1610.5,211.05,158.29,70.35,American
Vegan,2521.09,189.08,252.11,84.04,[]
Vegan,1034.8,153.48,115.11,51.16,Japanese
Omnivore,2384.94,288.49,216.37,96.16,Chinese
Omnivore,1738.0,130.35,173.8,57.93,Japanese
Vegetarian,3092.31,359.23,269.42,119.74,American
Omnivore,1351.0,185.1,138.82,61.7,American
Vegan,1743.16,130.74,174.32,58.11,Chinese
Omnivore,2923.69,219.28,292.37,97.46,American
Vegetarian,1829.09,137.18,182.91,60.97,Japanese
Vegan,974.8,147.48,110.61,49.16,American
Omnivore,2807.69,330.77,248.08,110.26,American
Omnivore,2079.33,155.95,207.93,69.31,Italian
Omnivore,1448.5,194.85,146.14,64.95,Italian
Vegan,1923.62,144.27,192.36,64.12,American
Omnivore,2728.0,204.6,272.8,90.93,Japanese
Omnivore,1273.0,177.3,132.97,59.1,American
Vegetarian,2549.12,191.18,254.91,84.97,American
Omnivore,1780.97,133.57,178.1,59.37,American
Omnivore,2321.0,282.1,211.57,94.03,American
Vegetarian,992.8,149.28,111.96,49.76,Chinese
Vegan,2954.31,345.43,259.07,115.14,Japanese
Omnivore,1684.5300000000002,218.45,163.84,72.82,Chinese
Vegan,2164.58,162.34,216.46,72.15,Italian
Vegetarian,1178.8,167.88,125.91,55.96,American
Omnivore,2926.28,342.63,256.97,114.21,American
Omnivore,2286.12,278.61,208.96,92.87,American
Omnivore,2375.25,287.53,215.64,95.84,Russian
Vegetarian,1911.59,143.37,191.16,63.72,Chinese
Omnivore,1628.5,212.85,159.64,70.95,American
Vegan,2555.59,191.67,255.56,85.19,Chinese
Vegan,1121.12,162.11,121.58,54.04,Chinese
Omnivore,2384.94,288.49,216.37,96.16,American
Omnivore,1304.8,180.48,135.36,60.16,Japanese
Vegan,3178.56,367.86,275.89,122.62,Japanese
Vegetarian,2083.2,156.24,208.32,69.44,Japanese
Omnivore,1854.69,235.47,176.6,78.49,Japanese
Omnivore,1822.22,136.67,182.22,60.74,Chinese
Omnivore,2321.0,282.1,211.57,94.03,Russian
Vegetarian,998.8,149.88,112.41,49.96,American
Vegan,1801.41,230.14,172.61,76.71,Chinese
Vegan,2079.33,155.95,207.93,69.31,American
Omnivore,2814.16,331.42,248.56,110.47,American
Vegetarian,1513.8,113.53,151.38,50.46,American
Vegan,1914.12,241.41,181.06,80.47,Chinese
Omnivore,1652.06,123.9,165.21,55.07,American
Vegetarian,1567.0,206.7,155.03,68.9,American
Omnivore,2797.75,209.83,279.78,93.26,American
Vegetarian,1632.3,122.42,163.23,54.41,Japanese
Vegan,1306.75,180.68,135.51,60.22,Russian
Omnivore,2850.81,335.08,251.31,111.69,American
Omnivore,1466.5,196.65,147.49,65.55,[]
Vegetarian,2032.83,152.46,203.28,67.76,American
Omnivore,3098.78,359.88,269.91,119.96,Chinese
Vegan,1689.88,126.74,168.99,56.33,American
Omnivore,2274.5,277.45,208.09,92.48,American
Vegan,1341.3,100.6,134.13,44.71,Japanese
Omnivore,2797.75,209.83,279.78,93.26,American
Vegetarian,1870.34,140.28,187.03,62.34,American
Omnivore,1628.5,212.85,159.64,70.95,American
Vegan,2555.59,191.67,255.56,85.19,Russian
Vegan,1354.8,101.61,135.48,45.16,American
Omnivore,2681.38,318.14,238.6,106.05,American
Vegetarian,1868.62,140.15,186.86,62.29,American
Vegan,2548.94,304.89,228.67,101.63,Chinese
Omnivore,2261.45,169.61,226.14,75.38,Chinese
Vegan,2047.19,254.72,191.04,84.91,[]
Omnivore,2797.75,209.83,279.78,93.26,[]
Vegetarian,1632.3,122.42,163.23,54.41,American
Vegan,1217.38,171.74,128.8,57.25,Italian
Omnivore,2850.81,335.08,251.31,111.69,American
Vegetarian,1753.2800000000002,225.33,169.0,75.11,American
Vegan,1765.33,226.53,169.9,75.51,American
Omnivore,2814.16,331.42,248.56,110.47,Russian
Vegan,1359.3,101.95,135.93,45.31,American
Omnivore,1517.81,201.78,151.34,67.26,American
Vegetarian,2059.95,154.5,206.0,68.66,American
Omnivore,2007.64,150.57,200.76,66.92,American
Omnivore,2002.5,250.25,187.69,83.42,Japanese
Vegetarian,974.8,147.48,110.61,49.16,American
Omnivore,2850.81,335.08,251.31,111.69,Italian
Vegan,1197.3,89.8,119.73,39.91,Chinese
Omnivore,2571.06,192.83,257.11,85.7,Japanese
Omnivore,1552.19,205.22,153.91,68.41,Japanese
Vegan,2266.65,170.0,226.67,75.56,Italian
Omnivore,2477.94,297.79,223.35,99.26,Chinese
Vegetarian,1885.81,141.44,188.58,62.86,American
Omnivore,2007.64,150.57,200.76,66.92,Chinese
Omnivore,1961.25,246.12,184.59,82.04,Chinese
Vegetarian,956.8,145.68,109.26,48.56,Russian
Vegan,2117.56,261.76,196.32,87.25,American
Vegan,2348.59,176.14,234.86,78.29,Italian
Omnivore,2114.22,261.42,196.07,87.14,Russian
Vegetarian,1221.3,91.6,122.13,40.71,Chinese
Vegan,2642.62,314.26,235.7,104.75,American
Omnivore,2352.9,176.47,235.29,78.43,Japanese
Omnivore,1531.56,203.16,152.37,67.72,Japanese
Omnivore,2797.75,209.83,279.78,93.26,American
Vegetarian,1829.09,137.18,182.91,60.97,Russian
Omnivore,1526.5,202.65,151.99,67.55,American
Vegan,1960.71,246.07,184.55,82.02,Russian
Omnivore,2477.94,297.79,223.35,99.26,Russian
Vegan,1689.88,126.74,168.99,56.33,Japanese
Vegetarian,1209.3,90.7,120.93,40.31,American
Omnivore,2937.06,343.71,257.78,114.57,[]
Vegan,1982.45,148.68,198.25,66.08,American
Omnivore,1531.0,203.1,152.32,67.7,American
Omnivore,2054.14,154.06,205.41,68.47,American
Vegetarian,1961.25,246.12,184.59,82.04,American
Vegan,1016.8,151.68,113.76,50.56,Chinese
Omnivore,2195.06,269.51,202.13,89.84,[]
Vegetarian,2434.84,182.61,243.48,81.16,American
Omnivore,2114.22,261.42,196.07,87.14,American
Vegan,865.3,136.53,102.4,45.51,Italian
Omnivore,3109.56,360.96,270.72,120.32,American
Vegan,1834.25,137.57,183.43,61.14,Japanese
Omnivore,1261.0,176.1,132.07,58.7,[]
Omnivore,2797.75,209.83,279.78,93.26,American
Vegetarian,1870.34,140.28,187.03,62.34,Russian
Omnivore,1550.5,205.05,153.79,68.35,American
Vegan,1404.95,190.5,142.87,63.5,American
Omnivore,3040.56,354.06,265.54,118.02,Russian
Vegetarian,1461.44,196.14,147.11,65.38,American
Vegan,2539.94,303.99,228.0,101.33,American
Omnivore,1299.3,97.45,129.93,43.31,[]
Vegetarian,2292.53,171.94,229.25,76.42,American
Vegan,1792.81,229.28,171.96,76.43,American
Omnivore,2797.75,209.83,279.78,93.26,Chinese
Vegetarian,1572.3,117.92,157.23,52.41,[]
Omnivore,1870.16,237.02,177.76,79.01,Chinese
Vegan,2521.09,189.08,252.11,84.04,Chinese
Omnivore,2743.38,324.34,243.25,108.11,American
Vegan,1294.8,97.11,129.48,43.16,American
Omnivore,2952.16,345.22,258.91,115.07,Russian
Vegan,1854.88,139.12,185.49,61.83,Chinese
Vegetarian,1869.95,237.0,177.75,79.0,[]
Omnivore,2786.12,328.61,246.46,109.54,American
Vegetarian,1870.34,140.28,187.03,62.34,Japanese
Omnivore,1568.5,206.85,155.14,68.95,Chinese
Vegan,2521.09,189.08,252.11,84.04,Chinese
Vegan,1438.8,107.91,143.88,47.96,Chinese
Omnivore,1710.31,221.03,165.77,73.68,American
Vegetarian,2059.95,154.5,206.0,68.66,American
Omnivore,2900.41,340.04,255.03,113.35,Chinese
Vegan,1893.33,142.0,189.33,63.11,Chinese
Vegetarian,1081.3,158.13,118.6,52.71,American
Omnivore,1822.22,136.67,182.22,60.74,Italian
Omnivore,2274.5,277.45,208.09,92.48,Chinese
Vegetarian,914.8,141.48,106.11,47.16,American
Vegan,2814.16,331.42,248.56,110.47,Russian
Vegan,1892.69,141.95,189.27,63.09,Russian
Omnivore,1430.5,193.05,144.79,64.35,Chinese
Vegetarian,2090.95,156.82,209.09,69.7,American
Vegan,1517.81,201.78,151.34,67.26,Japanese
Omnivore,2264.49,169.84,226.45,75.48,[]
Vegetarian,1688.5,218.85,164.14,72.95,American
Omnivore,2797.75,209.83,279.78,93.26,Chinese
Vegetarian,1870.34,140.28,187.03,62.34,American
Vegan,1628.5,212.85,159.64,70.95,[]
Omnivore,1148.62,164.86,123.65,54.95,Chinese
Omnivore,2814.16,331.42,248.56,110.47,American
Vegan,1765.33,226.53,169.9,75.51,Russian
Omnivore,1453.0,195.3,146.47,65.1,American
Vegetarian,2206.28,165.47,220.63,73.54,Russian
Vegan,2735.62,323.56,242.67,107.85,Chinese
Vegan,1257.3,94.3,125.73,41.91,American
Omnivore,2797.75,209.83,279.78,93.26,American
Vegetarian,1632.3,122.42,163.23,54.41,Russian
Vegan,1918.28,241.83,181.37,80.61,Chinese
Omnivore,2203.33,165.25,220.33,73.44,American
Vegan,2814.16,331.42,248.56,110.47,American
Omnivore,1354.8,101.61,135.48,45.16,Russian
Vegetarian,2980.19,348.02,261.01,116.01,Italian
Vegan,1827.38,137.05,182.74,60.91,[]
Omnivore,1531.0,203.1,152.32,67.7,Italian
Vegan,1753.6999999999998,225.37,169.03,75.12,Italian
Omnivore,2375.25,287.53,215.64,95.84,American
Vegetarian,1870.34,140.28,187.03,62.34,Russian
Vegan,1628.5,212.85,159.64,70.95,American
Vegan,1189.88,168.99,126.74,56.33,American
Omnivore,3368.06,252.6,336.81,112.27,American
Vegetarian,1749.83,224.98,168.74,74.99,Japanese
Vegan,1393.0,189.3,141.97,63.1,American
Omnivore,1057.53,155.75,116.81,51.92,Chinese
Omnivore,2952.16,345.22,258.91,115.07,Russian
Vegan,1645.1999999999998,214.52,160.89,71.51,Chinese
Omnivore,2797.75,209.83,279.78,93.26,Japanese
Vegetarian,1632.3,122.42,163.23,54.41,Russian
Vegan,2620.09,312.01,234.01,104.0,American
Omnivore,1238.0,173.8,130.35,57.93,American
Omnivore,2681.38,318.14,238.6,106.05,American
Vegan,1257.3,94.3,125.73,41.91,Chinese
Vegetarian,2333.31,283.33,212.5,94.44,American
Omnivore,1868.62,140.15,186.86,62.29,Chinese
Vegan,2100.12,260.01,195.01,86.67,Japanese
Omnivore,1292.8,179.28,134.46,59.76,American
Omnivore,2375.25,287.53,215.64,95.84,Japanese
Vegetarian,1801.59,135.12,180.16,60.05,[]
Omnivore,1568.5,206.85,155.14,68.95,Italian
Vegan,2521.09,189.08,252.11,84.04,American
Vegan,1121.12,162.11,121.58,54.04,Chinese
Omnivore,2477.94,297.79,223.35,99.26,Chinese
Vegan,2301.15,172.59,230.12,76.7,American
Omnivore,2011.0,251.1,188.32,83.7,American
Vegetarian,2292.45,171.93,229.25,76.41,American
Vegan,1806.56,230.66,172.99,76.89,American
Omnivore,2797.75,209.83,279.78,93.26,[]
Vegetarian,1870.34,140.28,187.03,62.34,American
Omnivore,2620.09,312.01,234.01,104.0,American
Vegan,1016.8,151.68,113.76,50.56,Chinese
Omnivore,3026.38,226.98,302.64,100.88,American
Vegan,1710.31,221.03,165.77,73.68,Chinese
Vegetarian,2046.96,254.7,191.02,84.9,[]
Vegan,1534.8,115.11,153.48,51.16,Italian
Omnivore,2539.94,303.99,228.0,101.33,American
Vegetarian,2325.12,282.51,211.88,94.17,American
Omnivore,2797.75,209.83,279.78,93.26,Russian
Vegetarian,1829.09,137.18,182.91,60.97,American
Omnivore,1568.5,206.85,155.14,68.95,American
Vegan,1404.95,190.5,142.87,63.5,American
Omnivore,3040.56,354.06,265.54,118.02,Italian
Vegan,1482.06,198.21,148.65,66.07,American
Omnivore,1393.0,189.3,141.97,63.1,American
Vegan,2260.18,169.51,226.02,75.34,American
Omnivore,2501.19,300.12,225.09,100.04,American
Vegan,1341.3,100.6,134.13,44.71,American
Omnivore,1780.97,133.57,178.1,59.37,Italian
Omnivore,2743.5,205.76,274.35,91.45,American
Vegetarian,998.8,149.88,112.41,49.96,Chinese
Omnivore,2868.06,336.81,252.6,112.27,American
Vegan,1913.31,143.5,191.33,63.78,American
Omnivore,1448.5,194.85,146.14,64.95,American
Vegetarian,2075.45,155.66,207.54,69.18,Japanese
Vegan,2814.16,331.42,248.56,110.47,Russian
Vegan,1423.8,106.78,142.38,47.46,Chinese
Omnivore,2623.38,196.75,262.34,87.45,Chinese
Omnivore,2797.75,209.83,279.78,93.26,Japanese
Vegetarian,1849.72,138.73,184.97,61.66,American
Vegan,1016.8,151.68,113.76,50.56,American
Omnivore,2850.81,335.08,251.31,111.69,Chinese
Vegan,1803.31,135.25,180.33,60.11,Chinese
Omnivore,2040.06,254.01,190.5,84.67,American
Vegetarian,2292.53,171.94,229.25,76.42,Italian
Vegan,1823.5,232.35,174.26,77.45,American
Omnivore,2255.12,275.51,206.63,91.84,American
Vegan,1526.75,202.68,152.01,67.56,[]
Omnivore,2375.25,287.53,215.64,95.84,American
Vegan,1787.84,134.09,178.78,59.59,Russian
Vegetarian,1016.8,151.68,113.76,50.56,American
Omnivore,2954.31,345.43,259.07,115.14,Chinese
Omnivore,1684.5300000000002,218.45,163.84,72.82,American
Vegan,2203.33,165.25,220.33,73.44,Japanese
Vegan,1600.8,120.06,160.08,53.36,American
Omnivore,2710.66,321.07,240.8,107.02,[]
Vegetarian,1869.95,237.0,177.75,79.0,Japanese
Omnivore,2521.41,189.11,252.14,84.05,Chinese
Omnivore,2375.25,287.53,215.64,95.84,Italian
Vegan,1801.59,135.12,180.16,60.05,Russian
Omnivore,1568.5,206.85,155.14,68.95,American
Vegetarian,938.8,143.88,107.91,47.96,Japanese
Omnivore,1864.0,236.4,177.3,78.8,[]
Vegan,1523.5,202.35,151.76,67.45,Russian
Vegan,1540.58,204.06,153.04,68.02,Japanese
Vegetarian,2629.7,186.35,239.59,47.33,Italian
Vegetarian,2268.69,276.87,207.65,92.29,Russian
Vegetarian,2679.38,190.7,245.18,48.43,American
Vegan,1154.8,165.48,124.11,55.16,Italian
Vegetarian,1392.3,104.42,139.23,46.41,Chinese
Vegetarian,2364.5,163.14,209.76,41.43,Japanese
Omnivore,2086.69,156.5,208.67,69.56,Russian
Vegan,2649.08,188.04,241.77,47.76,[]
Vegetarian,2505.58,187.92,250.56,83.52,American
Vegan,2487.75,186.58,248.78,82.92,American
Vegan,1405.0,190.5,142.88,63.5,Japanese
Vegan,2706.95,320.69,240.52,106.9,Japanese
Pescatarian,3001.31,218.86,281.4,55.58,American
Pescatarian,1938.9,145.42,193.89,64.63,Japanese
Pescatarian,1261.0,176.1,132.07,58.7,American
Pescatarian,2040.45,254.04,190.53,84.68,Japanese
Vegan,1417.0,191.7,143.78,63.9,American
Pescatarian,2078.3,138.1,177.56,35.07,American
Pescatarian,2013.0,150.97,201.3,67.1,American
Vegan,1990.47,249.05,186.79,83.02,Chinese
Vegan,2044.56,153.34,204.46,68.15,American
Pescatarian,1479.0,110.92,147.9,49.3,Chinese
Pescatarian,2325.51,159.73,205.37,40.57,American
Vegan,2689.09,318.91,239.18,106.3,Italian
Vegetarian,2408.58,290.86,218.14,96.95,Chinese
Pescatarian,1711.08,221.11,165.83,73.7,American
Pescatarian,2355.5,162.36,208.74,41.23,Chinese
Vegetarian,1244.8,174.48,130.86,58.16,American
Pescatarian,2497.62,299.76,224.82,99.92,American
Vegan,2381.19,178.59,238.12,79.37,Chinese
Pescatarian,1457.8,195.78,146.83,65.26,American
Vegan,2921.97,342.2,256.65,114.07,Japanese
Vegan,1842.66,234.27,175.7,78.09,American
Omnivore,1749.4,224.94,168.71,74.98,Chinese
Pescatarian,2653.75,199.03,265.38,88.46,Japanese
Vegetarian,1217.38,171.74,128.8,57.25,[]
Pescatarian,3076.97,230.77,307.7,102.57,American
Omnivore,1883.51,238.35,178.76,79.45,American
Omnivore,2604.75,195.36,260.48,86.82,Chinese
Vegan,2536.43,303.64,227.73,101.21,[]
Omnivore,2195.31,269.53,202.15,89.84,American
Omnivore,2543.81,304.38,228.29,101.46,Italian
Omnivore,2499.78,299.98,224.98,99.99,Chinese
Omnivore,1970.3,128.65,165.41,32.67,Japanese
Vegan,2259.51,169.46,225.95,75.32,American
Pescatarian,3338.12,383.81,287.86,127.94,American
Vegan,2435.31,293.53,220.15,97.84,American
Vegetarian,1734.7199999999998,223.47,167.6,74.49,American
Vegan,2211.08,165.83,221.11,73.7,Chinese
Omnivore,2605.62,195.42,260.56,86.85,American
Omnivore,2040.8,134.82,173.34,34.24,American
Pescatarian,2526.5,189.49,252.65,84.22,Russian
Vegan,2667.53,316.75,237.56,105.58,Italian
Pescatarian,1514.72,201.47,151.1,67.16,American
Omnivore,1712.8000000000002,221.28,165.96,73.76,Japanese
Pescatarian,2566.19,306.62,229.96,102.21,Japanese
Vegan,1763.94,226.39,169.8,75.46,American
Vegan,2753.06,325.31,243.98,108.44,Japanese
Vegan,2824.94,332.49,249.37,110.83,Italian
Omnivore,2583.87,308.39,231.29,102.8,American
Vegetarian,1545.66,204.57,153.42,68.19,Japanese
Omnivore,1877.38,237.74,178.3,79.25,Japanese
Vegetarian,1933.62,145.02,193.36,64.45,American
Vegan,2435.7,293.57,220.18,97.86,Russian
Vegetarian,2029.5,152.21,202.95,67.65,American
Pescatarian,2196.72,269.67,202.25,89.89,Italian
Vegan,1519.3,201.93,151.45,67.31,American
Pescatarian,2827.53,332.75,249.56,110.92,American
Pescatarian,2089.01,156.68,208.9,69.63,American
Vegetarian,1540.0,204.0,153.0,68.0,American
Pescatarian,2206.81,165.51,220.68,73.56,Italian
Pescatarian,1738.3000000000002,223.83,167.87,74.61,Chinese
Pescatarian,1994.25,249.43,187.07,83.14,American
Vegetarian,1729.3000000000002,222.93,167.2,74.31,Japanese
Vegan,2132.78,263.28,197.46,87.76,Russian
Omnivore,1615.3000000000002,211.53,158.65,70.51,American
Vegetarian,2100.51,260.05,195.04,86.68,Japanese
Vegetarian,1676.5,217.65,163.24,72.55,Chinese
Vegan,2479.94,297.99,223.5,99.33,Japanese
Pescatarian,1668.4499999999998,216.84,162.63,72.28,American
Vegan,2090.83,259.08,194.31,86.36,Japanese
Omnivore,1782.84,228.28,171.21,76.09,Japanese
Omnivore,2422.15,292.22,219.16,97.41,[]
Vegan,1861.8,139.63,186.18,62.06,American
Vegetarian,2262.88,276.29,207.22,92.1,Italian
Vegan,1305.03,180.5,135.38,60.17,Chinese
Vegan,1550.8000000000002,205.08,153.81,68.36,Russian
Vegan,2870.4,215.28,287.04,95.68,Japanese
Pescatarian,2290.19,279.02,209.26,93.01,Japanese
Vegan,2573.09,307.31,230.48,102.44,Italian
Pescatarian,2969.41,346.94,260.21,115.65,Chinese
Vegetarian,2722.34,194.45,250.01,49.39,[]
Pescatarian,1535.8,203.58,152.69,67.86,American
Vegetarian,2832.62,212.45,283.26,94.42,American
Omnivore,1958.16,245.82,184.36,81.94,American
Omnivore,2217.69,271.77,203.83,90.59,Russian
Omnivore,2463.12,296.31,222.23,98.77,American
Vegetarian,1806.01,230.6,172.95,76.87,[]
Pescatarian,2642.75,198.21,264.28,88.09,Japanese
Vegetarian,2055.8,136.13,175.03,34.57,Japanese
Vegan,2861.56,206.64,265.68,52.48,American
Pescatarian,2350.56,285.06,213.79,95.02,Chinese
Pescatarian,2384.94,288.49,216.37,96.16,Chinese
Pescatarian,1483.8,111.28,148.38,49.46,Japanese
Pescatarian,2146.88,264.69,198.52,88.23,Chinese
Vegan,2971.06,216.22,277.99,54.91,Russian
Omnivore,2911.19,341.12,255.84,113.71,Russian
Pescatarian,829.3,132.93,99.7,44.31,[]
Vegan,2117.69,261.77,196.33,87.26,Italian
Vegan,2651.88,188.29,242.09,47.82,Russian
Omnivore,1942.53,145.69,194.25,64.75,Japanese
Pescatarian,3456.47,259.24,345.65,115.22,American
Vegetarian,1962.97,246.3,184.72,82.1,Chinese
Pescatarian,2028.28,252.83,189.62,84.28,American
Vegetarian,1846.0,234.6,175.95,78.2,American
Vegan,1825.39,232.54,174.4,77.51,American
Vegetarian,2122.43,262.24,196.68,87.41,American
Pescatarian,2478.06,185.85,247.81,82.6,Russian
Vegetarian,2002.69,150.2,200.27,66.76,Russian
Vegan,2327.34,282.73,212.05,94.24,Chinese
Vegan,2705.31,202.9,270.53,90.18,Japanese
Pescatarian,2136.91,263.69,197.77,87.9,Chinese
Pescatarian,3007.39,225.55,300.74,100.25,American
Vegan,2062.5,154.69,206.25,68.75,American
Omnivore,1797.9699999999998,229.8,172.35,76.6,American
Vegan,2343.8,161.33,207.43,40.97,American
Pescatarian,1818.78,136.41,181.88,60.63,American
Pescatarian,2095.16,157.14,209.52,69.84,American
Omnivore,1474.3,197.43,148.07,65.81,American
Pescatarian,1271.8,177.18,132.88,59.06,Italian
Vegan,2666.0,199.95,266.6,88.87,Italian
Pescatarian,1477.3,197.73,148.3,65.91,Italian
Pescatarian,1798.0,229.8,172.35,76.6,American
Omnivore,3069.0,230.17,306.9,102.3,American
Pescatarian,2665.88,316.59,237.44,105.53,Russian
Vegan,1581.2600000000002,208.13,156.09,69.38,Chinese
Vegan,1768.0,226.8,170.1,75.6,American
Vegetarian,1791.0,134.32,179.1,59.7,[]
Vegetarian,2792.06,200.56,257.86,50.93,American
Vegan,2064.3,154.82,206.43,68.81,American
Vegetarian,2365.56,286.56,214.92,95.52,Chinese
Omnivore,1780.8,133.56,178.08,59.36,American
Pescatarian,2838.95,204.66,263.13,51.98,[]
Vegan,1678.8,125.91,167.88,55.96,American
Vegan,1888.91,141.67,188.89,62.96,Chinese
Omnivore,2346.25,284.62,213.47,94.88,Russian
Omnivore,2360.14,286.01,214.51,95.34,American
Vegetarian,2152.38,265.24,198.93,88.41,American
Omnivore,2666.26,316.63,237.47,105.54,Chinese
Vegan,1510.0,201.0,150.75,67.0,American
Omnivore,2879.51,215.96,287.95,95.98,Japanese
Vegetarian,2481.94,186.15,248.19,82.73,Italian
Omnivore,1741.25,224.12,168.09,74.71,Italian
Pescatarian,1997.44,249.74,187.31,83.25,American
Vegetarian,2469.59,296.96,222.72,98.99,Japanese
Vegan,2423.94,292.39,219.3,97.46,Japanese
Vegetarian,1771.8,132.88,177.18,59.06,Chinese
Vegan,2506.5,187.99,250.65,83.55,Italian
Vegetarian,3111.62,233.37,311.16,103.72,Russian
Vegan,2555.59,191.67,255.56,85.19,Russian
Vegan,1404.72,190.47,142.85,63.49,Japanese
Omnivore,2057.5,255.75,191.81,85.25,American
Pescatarian,2344.53,284.45,213.34,94.82,Chinese
Pescatarian,1568.2800000000002,206.83,155.12,68.94,American
Vegetarian,2818.47,331.85,248.89,110.62,Chinese
Pescatarian,2391.14,289.11,216.84,96.37,Russian
Vegan,1592.8000000000002,209.28,156.96,69.76,Japanese
Vegan,2497.19,174.75,224.68,44.38,[]
Vegetarian,2234.56,273.46,205.09,91.15,American
Vegan,2543.94,190.8,254.39,84.8,Russian
Vegetarian,1968.47,246.85,185.14,82.28,American
Omnivore,1720.81,129.06,172.08,57.36,American
Vegan,1682.0100000000002,218.2,163.65,72.73,Japanese
Pescatarian,2005.94,250.59,187.95,83.53,Russian
Pescatarian,1870.16,237.02,177.76,79.01,Italian
Vegetarian,2377.38,178.3,237.74,79.25,Italian
Pescatarian,971.8,147.18,110.38,49.06,Chinese
Omnivore,2579.12,307.91,230.93,102.64,Russian
Pescatarian,2596.38,309.64,232.23,103.21,Chinese
Pescatarian,1842.83,234.28,175.71,78.09,American
Vegan,2579.56,307.96,230.97,102.65,American
Vegan,3288.03,243.95,313.65,61.96,[]
Omnivore,2803.44,330.34,247.76,110.11,American
Omnivore,1264.3,176.43,132.32,58.81,Japanese
Vegetarian,2597.0,183.49,235.91,46.6,Russian
Pescatarian,3046.78,228.51,304.68,101.56,American
Omnivore,3236.53,242.74,323.65,107.88,American
Vegan,1790.37,229.04,171.78,76.35,[]
Vegetarian,2559.83,191.99,255.98,85.33,American
Omnivore,2881.0,338.1,253.57,112.7,American
Omnivore,1846.7,234.67,176.0,78.22,Chinese
Omnivore,2216.76,271.68,203.76,90.56,American
Omnivore,2907.06,218.03,290.71,96.9,American
Vegetarian,2856.0,206.15,265.05,52.36,American
Vegan,2041.0,254.1,190.57,84.7,American
Pescatarian,2110.62,158.3,211.06,70.35,Russian
Pescatarian,1717.5300000000002,221.75,166.31,73.92,Chinese
Omnivore,1852.97,235.3,176.47,78.43,American
Vegetarian,2090.95,156.82,209.09,69.7,Japanese
Omnivore,1468.0,196.8,147.6,65.6,Russian
Vegetarian,1480.0,198.0,148.5,66.0,Russian
Vegetarian,2516.81,188.76,251.68,83.89,Japanese
Pescatarian,3043.94,222.59,286.19,56.53,American
Vegetarian,1523.8,202.38,151.78,67.46,American
Pescatarian,2532.58,303.26,227.44,101.09,Chinese
Omnivore,1488.26,198.83,149.12,66.28,Japanese
Vegetarian,2179.56,267.96,200.97,89.32,Chinese
Vegan,1488.3,111.62,148.83,49.61,Italian
Vegetarian,2027.12,252.71,189.53,84.24,Chinese
Vegan,2495.38,299.54,224.65,99.85,Russian
Pescatarian,2555.78,191.68,255.58,85.19,American
Vegan,2026.75,152.01,202.68,67.56,[]
Vegan,1597.3000000000002,209.73,157.3,69.91,Chinese
Vegetarian,1839.06,137.93,183.91,61.3,Italian
Vegetarian,2356.25,162.42,208.83,41.25,American
Vegetarian,2658.12,315.81,236.86,105.27,[]
Vegetarian,1798.0,229.8,172.35,76.6,Italian
Omnivore,1190.5,169.05,126.79,56.35,Japanese
Omnivore,1990.22,149.27,199.02,66.34,American
Omnivore,1914.84,241.48,181.11,80.49,Russian
Vegetarian,2592.25,309.23,231.92,103.07,Russian
Omnivore,2547.21,304.72,228.54,101.57,Chinese
Pescatarian,1993.95,249.39,187.05,83.13,Chinese
Omnivore,2835.72,333.57,250.18,111.19,American
Pescatarian,1884.0,141.3,188.4,62.8,Italian
Vegetarian,1518.16,201.82,151.36,67.27,American
Pescatarian,2567.81,192.59,256.78,85.59,Chinese
Pescatarian,2034.0,152.55,203.4,67.8,Italian
Pescatarian,1668.0,125.1,166.8,55.6,[]
Vegetarian,1051.3,155.13,116.35,51.71,American
Vegan,1801.15,230.12,172.59,76.7,Chinese
Vegetarian,2551.09,305.11,228.83,101.7,American
Omnivore,1359.3,101.95,135.93,45.31,American
Vegetarian,1961.44,147.11,196.14,65.38,American
Vegan,2635.03,186.82,240.19,47.45,Chinese
Vegan,1852.65,138.95,185.27,61.75,American
Pescatarian,2966.44,215.81,277.47,54.81,American
Vegetarian,2356.75,176.76,235.68,78.56,American
Vegetarian,2253.53,275.35,206.51,91.78,[]
Vegetarian,2514.53,188.59,251.45,83.82,Chinese
Pescatarian,2188.84,268.88,201.66,89.63,[]
Pescatarian,2862.03,336.2,252.15,112.07,American
Pescatarian,2115.0,158.62,211.5,70.5,Japanese
Pescatarian,2861.09,206.6,265.62,52.47,[]
Vegan,2031.72,253.17,189.88,84.39,Chinese
Pescatarian,1902.62,142.7,190.26,63.42,Russian
Omnivore,2636.41,186.94,240.35,47.48,Chinese
Pescatarian,3307.87,245.69,315.89,62.4,Japanese
Pescatarian,2109.5,140.83,181.07,35.77,Italian
Vegetarian,1576.5,118.24,157.65,52.55,American
Vegan,2700.75,320.08,240.06,106.69,Japanese
Vegetarian,1964.69,246.47,184.85,82.16,American
Omnivore,1667.53,125.06,166.75,55.58,[]
Pescatarian,2447.06,183.53,244.71,81.57,American
Vegan,2477.06,185.78,247.71,82.57,American
Omnivore,2699.62,202.47,269.96,89.99,American
Omnivore,2174.26,163.07,217.43,72.48,[]
Omnivore,2131.8,159.89,213.18,71.06,Russian
Vegetarian,1876.3,237.63,178.22,79.21,American
Vegan,2200.16,270.02,202.51,90.01,Japanese
Pescatarian,1809.89,230.99,173.24,77.0,Chinese
Vegan,1787.96,134.1,178.8,59.6,American
Pescatarian,1652.5,215.25,161.44,71.75,Chinese
Vegetarian,1698.2800000000002,219.83,164.87,73.28,American
Vegetarian,1837.69,137.83,183.77,61.26,American
Vegan,1832.5,233.25,174.94,77.75,Italian
Omnivore,2346.09,175.96,234.61,78.2,[]
Omnivore,2529.84,177.61,228.36,45.11,Japanese
Omnivore,2172.8,146.37,188.19,37.17,American
Vegetarian,1846.43,234.64,175.98,78.21,Chinese
Pescatarian,2443.71,294.37,220.78,98.12,Russian
Pescatarian,2762.84,326.28,244.71,108.76,American
Vegan,1624.56,121.84,162.46,54.15,Japanese
Pescatarian,1421.8,192.18,144.13,64.06,American
Pescatarian,1422.3,106.67,142.23,47.41,[]
Vegan,1301.5,180.15,135.11,60.05,American
Omnivore,1996.94,249.69,187.27,83.23,Russian
Omnivore,1891.28,239.13,179.35,79.71,[]
Pescatarian,2865.91,336.59,252.44,112.2,Chinese
Vegan,3216.88,237.73,305.65,60.38,American
Pescatarian,1565.38,206.54,154.9,68.85,Chinese
Pescatarian,1344.41,100.83,134.44,44.81,Italian
Vegetarian,1949.56,244.96,183.72,81.65,Chinese
Vegetarian,2330.81,174.81,233.08,77.69,Italian
Vegetarian,2117.5,158.81,211.75,70.58,[]
Vegetarian,2429.0,168.79,217.01,42.87,American
Vegan,2344.09,284.41,213.31,94.8,American
Pescatarian,1950.94,245.09,183.82,81.7,Italian
Pescatarian,2449.6800000000003,170.6,219.34,43.33,Russian
Vegetarian,1396.3,189.63,142.22,63.21,Chinese
Pescatarian,2023.47,252.35,189.26,84.12,Russian
Pescatarian,2874.96,337.5,253.12,112.5,American
Vegan,3053.25,228.99,305.32,101.78,Chinese
Vegetarian,1993.56,249.36,187.02,83.12,Japanese
Pescatarian,1751.75,131.38,175.18,58.39,American
Vegan,1678.0,217.8,163.35,72.6,American
Omnivore,1309.0,180.9,135.67,60.3,Chinese
Vegan,2229.81,272.98,204.74,90.99,[]
Vegan,2031.91,152.39,203.19,67.73,Italian
Pescatarian,2768.56,326.86,245.14,108.95,[]
Vegan,1337.8,183.78,137.83,61.26,American
Vegetarian,1375.0,187.5,140.62,62.5,American
Pescatarian,1774.25,227.43,170.57,75.81,Russian
Vegan,2495.03,299.5,224.63,99.83,Chinese
Omnivore,1833.0,137.47,183.3,61.1,Italian
Vegetarian,1492.81,199.28,149.46,66.43,American
Vegetarian,2302.14,172.66,230.21,76.74,[]
Omnivore,2447.33,294.73,221.05,98.24,Russian
Omnivore,2041.8,153.13,204.18,68.06,American
Vegan,1994.3,130.75,168.11,33.21,American
Pescatarian,1222.8,91.71,122.28,40.76,American
Omnivore,2563.83,180.59,232.18,45.86,American
Pescatarian,1928.08,242.81,182.11,80.94,American
Pescatarian,2542.26,304.23,228.17,101.41,Chinese
Omnivore,1419.0,106.42,141.9,47.3,American
Omnivore,1725.97,129.45,172.6,57.53,American
Pescatarian,1997.69,249.77,187.33,83.26,Chinese
Pescatarian,1834.06,233.41,175.05,77.8,American
Vegetarian,1286.8,178.68,134.01,59.56,American
Vegetarian,2110.2,261.02,195.76,87.01,Chinese
Vegan,1492.0,199.2,149.4,66.4,[]
Vegetarian,2929.62,212.59,273.33,53.99,Russian
Vegan,1283.65,178.37,133.77,59.46,[]
Pescatarian,3175.69,234.12,301.02,59.46,American
Vegetarian,2625.31,196.9,262.53,87.51,Russian
Vegetarian,1720.0,222.0,166.5,74.0,American
Vegan,1575.58,118.17,157.56,52.52,[]
Vegan,1565.5,206.55,154.91,68.85,Italian
Vegan,2230.5,167.29,223.05,74.35,Chinese
Vegan,2583.44,308.34,231.26,102.78,[]
Vegan,1863.0,139.72,186.3,62.1,American
Vegetarian,2594.0,183.22,235.58,46.53,Chinese
Omnivore,2236.14,273.61,205.21,91.2,Chinese
Vegan,1974.7,148.1,197.47,65.82,Chinese
Vegetarian,1507.64,200.76,150.57,66.92,American
Pescatarian,3180.9,238.57,318.09,106.03,Chinese
Vegan,1855.0,235.5,176.62,78.5,Russian
Vegan,1945.19,244.52,183.39,81.51,American
Pescatarian,1821.3,136.6,182.13,60.71,American
Vegan,3297.16,379.72,284.79,126.57,Japanese
Pescatarian,2247.49,274.75,206.06,91.58,Italian
Pescatarian,2637.09,197.78,263.71,87.9,[]
Omnivore,2482.45,173.46,223.03,44.05,American
Omnivore,2108.26,260.83,195.62,86.94,American
Pescatarian,2080.75,258.07,193.56,86.03,American
Pescatarian,1762.2199999999998,226.22,169.67,75.41,Chinese
Pescatarian,2015.39,151.15,201.54,67.18,Russian
Omnivore,2624.34,185.88,238.99,47.21,American
Vegetarian,2681.38,318.14,238.6,106.05,American
Vegetarian,2066.09,256.61,192.46,85.54,American
Vegetarian,2693.51,202.01,269.35,89.78,American
Pescatarian,2231.88,273.19,204.89,91.06,American
Omnivore,1485.16,198.52,148.89,66.17,Chinese
Omnivore,2643.78,198.28,264.38,88.13,American
Pescatarian,2673.75,200.53,267.38,89.12,American
Vegan,2156.0,144.9,186.3,36.8,Japanese
Pescatarian,2816.74,331.67,248.76,110.56,Chinese
Vegan,1817.64,231.76,173.82,77.25,American
Vegan,2691.06,319.11,239.33,106.37,American
Omnivore,2216.76,271.68,203.76,90.56,Japanese
Vegetarian,1964.89,246.49,184.87,82.16,American
Pescatarian,2708.68,203.15,270.87,90.29,Chinese
Pescatarian,2207.0,149.36,192.04,37.93,Chinese
Vegetarian,2486.08,298.61,223.96,99.54,American
Pescatarian,1745.0300000000002,224.5,168.38,74.83,Chinese
Vegan,2198.62,164.9,219.86,73.29,[]
Pescatarian,1723.0,222.3,166.72,74.1,Chinese
Vegetarian,1827.19,232.72,174.54,77.57,[]
Vegan,1767.0,132.53,176.7,58.9,Chinese
Vegan,2092.76,259.28,194.46,86.43,American
Vegan,1638.12,213.81,160.36,71.27,Russian
Pescatarian,1862.8,236.28,177.21,78.76,Chinese
Vegan,1366.91,186.69,140.02,62.23,American
Vegetarian,2611.62,311.16,233.37,103.72,American
Vegetarian,2116.5,158.74,211.65,70.55,American
Pescatarian,1567.31,206.73,155.05,68.91,American
Omnivore,1629.88,212.99,159.74,71.0,[]
Vegetarian,2017.2,251.72,188.79,83.91,[]
Omnivore,2030.3,133.9,172.16,34.01,American
Omnivore,1410.3,105.77,141.03,47.01,Russian
Vegan,2229.38,272.94,204.7,90.98,Chinese
Vegan,1817.22,231.72,173.79,77.24,Italian
Vegan,1901.28,142.6,190.13,63.38,Japanese
Vegan,1982.45,148.68,198.25,66.08,American
Omnivore,2408.58,290.86,218.14,96.95,Italian
Vegetarian,2671.94,190.04,244.34,48.27,American
Vegan,1537.0,203.7,152.78,67.9,American
Pescatarian,2796.84,200.97,258.39,51.04,American
Vegan,2447.58,170.41,219.1,43.28,American
Vegetarian,2139.68,263.97,197.98,87.99,American
Vegetarian,2691.68,319.17,239.38,106.39,[]
Pescatarian,2083.08,258.31,193.73,86.1,Italian
Vegan,2751.81,206.39,275.18,91.73,Chinese
Vegan,1224.25,172.43,129.32,57.47,[]
Pescatarian,2105.18,260.52,195.39,86.84,American
Pescatarian,2076.41,257.64,193.23,85.88,American
Pescatarian,2385.62,178.92,238.56,79.52,[]
Omnivore,1911.59,143.37,191.16,63.72,American
Pescatarian,1798.2600000000002,229.83,172.37,76.61,Chinese
Pescatarian,2975.62,223.17,297.56,99.19,American
Pescatarian,2755.0,325.5,244.12,108.5,American
Vegan,1564.56,206.46,154.84,68.82,American
Vegan,1419.3,106.45,141.93,47.31,Chinese
Vegetarian,1797.0,134.78,179.7,59.9,[]
Vegetarian,2360.0,286.0,214.5,95.33,Italian
Omnivore,1860.26,236.03,177.02,78.68,American
Omnivore,2468.0,172.2,221.4,43.73,American
Vegan,1853.31,235.33,176.5,78.44,American
Vegetarian,2057.89,255.79,191.84,85.26,[]
Omnivore,2764.94,198.18,254.81,50.33,American
Omnivore,2368.24,286.82,215.12,95.61,Chinese
Pescatarian,2813.38,202.42,260.26,51.41,Chinese
Omnivore,2588.5,194.14,258.85,86.28,Chinese
Vegetarian,1999.0,249.9,187.42,83.3,Italian
Vegetarian,1984.18,148.81,198.42,66.14,Italian
Vegan,2251.91,168.89,225.19,75.06,American
Vegetarian,1786.2800000000002,228.63,171.47,76.21,Russian
Omnivore,1550.81,205.08,153.81,68.36,American
Vegan,1875.89,140.69,187.59,62.53,Chinese
Vegetarian,2882.88,338.29,253.72,112.76,Chinese
Vegan,1548.3,116.12,154.83,51.61,Russian
Vegetarian,2430.16,168.89,217.14,42.89,Japanese
Pescatarian,1902.89,240.29,180.22,80.1,American
Pescatarian,1664.8000000000002,216.48,162.36,72.16,American
Vegetarian,1614.1999999999998,211.42,158.56,70.47,American
Vegetarian,2508.94,300.89,225.67,100.3,Chinese
Vegan,2190.19,269.02,201.76,89.67,American
Vegetarian,1875.16,140.64,187.52,62.51,Japanese
Omnivore,1380.5,103.54,138.05,46.02,American
Omnivore,1396.3,189.63,142.22,63.21,Chinese
Omnivore,1645.0,214.5,160.88,71.5,Italian
Omnivore,1583.1999999999998,208.32,156.24,69.44,Chinese
Omnivore,1696.75,127.26,169.68,56.56,American
Pescatarian,2574.81,307.48,230.61,102.49,Italian
Omnivore,1121.8,162.18,121.63,54.06,Russian
Vegetarian,2914.51,211.27,271.63,53.66,American
Vegan,2536.88,190.27,253.69,84.56,Japanese
Vegetarian,2617.87,185.31,238.26,47.06,Chinese
Vegan,1689.0300000000002,218.9,164.18,72.97,Russian
Vegan,2400.34,180.03,240.03,80.01,[]
Vegetarian,1878.75,237.88,178.41,79.29,Chinese
Vegan,2088.8,139.02,178.74,35.31,American
Vegetarian,2708.75,193.27,248.48,49.08,American
Vegan,2886.88,216.52,288.69,96.23,Russian
Vegan,3023.06,226.73,302.31,100.77,Russian
Pescatarian,2399.0,166.16,213.64,42.2,Chinese
Omnivore,2387.12,165.12,212.3,41.94,Chinese
Vegan,2111.4,158.35,211.14,70.38,American
Omnivore,905.8,140.58,105.43,46.86,American
Vegetarian,1597.3000000000002,209.73,157.3,69.91,Italian
Pescatarian,1328.8,182.88,137.16,60.96,Japanese
Pescatarian,1866.2,139.97,186.62,62.21,[]
Omnivore,1611.3,120.85,161.13,53.71,Italian
Vegan,2262.22,169.67,226.22,75.41,American
Vegan,1425.34,192.53,144.4,64.18,[]
Vegetarian,1999.06,249.91,187.43,83.3,American
Pescatarian,2201.0,148.84,191.36,37.8,Russian
Vegan,2289.72,171.73,228.97,76.32,American
Pescatarian,1837.14,137.79,183.71,61.24,Japanese
Pescatarian,2299.69,279.97,209.98,93.32,Italian
Vegan,2172.84,162.96,217.28,72.43,American
Vegetarian,1284.06,178.41,133.8,59.47,Chinese
Omnivore,1696.3000000000002,219.63,164.72,73.21,[]
Pescatarian,2160.62,266.06,199.55,88.69,Chinese
Pescatarian,1261.58,176.16,132.12,58.72,American
Omnivore,1685.5,218.55,163.91,72.85,American
Vegan,2517.03,301.7,226.28,100.57,American
Vegan,1222.3,172.23,129.17,57.41,[]
Vegan,2400.94,166.33,213.86,42.24,Chinese
Vegan,1873.44,237.34,178.01,79.11,American
Vegetarian,2504.41,175.39,225.5,44.54,Chinese
Omnivore,2512.97,301.3,225.97,100.43,Italian
Pescatarian,2553.43,191.51,255.34,85.11,American
Pescatarian,2202.5,148.97,191.53,37.83,Italian
Omnivore,3182.62,238.7,318.26,106.09,American
Vegan,2770.75,198.69,255.46,50.46,American
Vegan,2324.44,174.33,232.44,77.48,American
Omnivore,2209.14,165.69,220.91,73.64,Italian
Pescatarian,1512.3,113.42,151.23,50.41,American
Vegan,1603.0,210.3,157.72,70.1,[]
Omnivore,2570.94,307.09,230.32,102.36,American
Vegan,1660.0,216.0,162.0,72.0,American
Pescatarian,1834.3,233.43,175.07,77.81,American
Pescatarian,2695.06,202.13,269.51,89.84,[]
Vegan,1849.5,138.71,184.95,61.65,[]
Pescatarian,1253.47,175.35,131.51,58.45,Italian
Vegan,2383.0,288.3,216.22,96.1,Russian
Vegetarian,1901.09,240.11,180.08,80.04,Russian
Vegetarian,2376.44,287.64,215.73,95.88,[]
Vegan,3033.59,221.69,285.03,56.3,Russian
Vegan,1520.5,202.05,151.54,67.35,Italian
Omnivore,2739.12,323.91,242.93,107.97,Chinese
Omnivore,2960.71,215.31,276.83,54.68,Russian
Omnivore,1102.3,160.23,120.17,53.41,American
Vegetarian,1848.16,234.82,176.11,78.27,Chinese
Vegan,2057.5,255.75,191.81,85.25,Chinese
Pescatarian,1840.89,234.09,175.57,78.03,American
Vegan,2740.78,196.07,252.09,49.8,Chinese
Omnivore,2502.0,300.2,225.15,100.07,Russian
Omnivore,1540.5,204.05,153.04,68.02,Chinese
Vegan,2525.65,302.56,226.92,100.86,Russian
Vegan,745.3,124.53,93.4,41.51,American
Omnivore,3236.0,239.4,307.8,60.8,American
Omnivore,2015.26,251.53,188.64,83.84,American
Vegan,2546.47,190.99,254.65,84.88,Chinese
Omnivore,1720.9699999999998,222.1,166.57,74.03,Chinese
Omnivore,2664.75,199.86,266.48,88.82,[]
Omnivore,1999.5,149.96,199.95,66.65,American
Vegan,1717.0,221.7,166.28,73.9,American
Vegetarian,2328.8,160.02,205.74,40.64,[]
Omnivore,2021.25,151.59,202.12,67.38,American
Vegan,1747.89,224.79,168.59,74.93,Russian
Vegetarian,1895.78,142.18,189.58,63.19,American
Vegan,2654.47,315.45,236.59,105.15,Chinese
Omnivore,3543.5,265.76,354.35,118.12,Chinese
Omnivore,1844.03,138.3,184.4,61.47,American
Vegan,2633.1,313.31,234.98,104.44,American
Vegetarian,2857.81,214.34,285.78,95.26,Russian
Omnivore,2241.56,274.16,205.62,91.39,Japanese
Omnivore,1610.5,211.05,158.29,70.35,American
Omnivore,2146.22,264.62,198.47,88.21,American
Vegan,1746.0,130.95,174.6,58.2,Italian
Vegan,3159.34,236.95,315.93,105.31,Japanese
Vegetarian,1658.75,215.88,161.91,71.96,Japanese
Vegan,1408.3,190.83,143.12,63.61,Japanese
Omnivore,2073.85,155.54,207.38,69.13,Italian
Vegan,3105.43,232.91,310.54,103.51,Chinese
Vegan,2956.75,214.97,276.38,54.59,Italian
Vegan,1086.75,158.68,119.01,52.89,American
Vegan,1766.65,226.67,170.0,75.56,Chinese
Vegan,1296.44,179.64,134.73,59.88,Italian
Vegan,2751.85,325.19,243.89,108.39,Italian
Omnivore,2270.3,154.9,199.16,39.34,Japanese
Omnivore,2063.78,256.38,192.28,85.46,American
Omnivore,3222.06,241.65,322.21,107.4,Italian
Vegetarian,2484.68,298.47,223.85,99.49,Chinese
Omnivore,2482.33,186.17,248.23,82.74,American
Vegan,1962.44,246.24,184.68,82.08,American
Vegan,2580.85,308.09,231.06,102.69,American
Vegan,2817.64,202.79,260.73,51.5,American
Vegan,1256.8,175.68,131.76,58.56,Chinese
Omnivore,1844.56,138.34,184.46,61.49,Chinese
Vegetarian,2652.83,198.96,265.28,88.43,Japanese
Vegan,2904.65,210.41,270.52,53.44,Italian
Vegan,1908.72,240.87,180.65,80.29,Chinese
Vegetarian,3066.62,230.0,306.66,102.22,American
Vegan,3416.5,255.19,328.11,64.81,Chinese
Vegetarian,3029.25,352.93,264.69,117.64,Japanese
Vegetarian,2152.19,265.22,198.91,88.41,American
Omnivore,2620.94,185.58,238.61,47.13,Italian
Vegan,2165.56,266.56,199.92,88.85,Russian
Vegan,2895.6,217.17,289.56,96.52,Italian
Vegan,2350.56,285.06,213.79,95.02,American
Omnivore,2559.47,305.95,229.46,101.98,American
Vegan,1676.09,217.61,163.21,72.54,American
Vegetarian,1195.3,169.53,127.15,56.51,American
Vegetarian,2331.2,174.84,233.12,77.71,Italian
Vegetarian,2615.96,196.2,261.6,87.2,American
Omnivore,1526.8,202.68,152.01,67.56,Russian
Vegan,1516.44,201.64,151.23,67.21,Russian
Omnivore,2433.5,169.18,217.52,42.97,American
Vegan,2391.71,179.38,239.17,79.72,American
Vegan,3131.97,230.3,296.1,58.49,American
Omnivore,3011.97,225.9,301.2,100.4,American
Vegan,3087.5,231.56,308.75,102.92,Russian
Omnivore,3364.12,386.41,289.81,128.8,American
Omnivore,1564.56,206.46,154.84,68.82,Chinese
Vegetarian,1615.75,211.58,158.68,70.53,Chinese
Vegetarian,1663.0,216.3,162.22,72.1,Japanese
Vegetarian,1574.88,207.49,155.62,69.16,Japanese
Omnivore,2564.38,192.33,256.44,85.48,Russian
Vegan,2501.7,187.63,250.17,83.39,American
Omnivore,1375.5,187.55,140.66,62.52,American
Omnivore,1374.0,103.05,137.4,45.8,American
Vegan,1616.12,211.61,158.71,70.54,Chinese
Omnivore,1420.8,106.56,142.08,47.36,Russian
Omnivore,1359.3,101.95,135.93,45.31,Italian
Vegetarian,2592.25,309.23,231.92,103.07,Japanese
Vegan,2599.85,309.99,232.49,103.33,Russian
Omnivore,2926.01,219.45,292.6,97.53,American
Vegan,2081.03,258.1,193.58,86.03,Italian
Vegetarian,2054.85,154.11,205.49,68.49,Italian
Vegan,2359.37,176.95,235.94,78.65,American
Vegan,2545.75,304.57,228.43,101.53,Russian
Omnivore,2999.53,218.71,281.2,55.55,[]
Vegan,2026.5,252.65,189.49,84.22,Chinese
Vegan,1528.5,114.64,152.85,50.95,[]
Vegan,2645.0,187.69,241.31,47.67,Russian
Vegetarian,2559.9,191.99,255.99,85.33,Italian
Vegetarian,3437.88,257.06,330.51,65.29,Japanese
Vegan,2986.5,348.65,261.49,116.22,American
Omnivore,1641.75,123.13,164.18,54.72,Chinese
Vegan,2459.53,184.46,245.95,81.98,American
Omnivore,2850.0,213.75,285.0,95.0,Chinese
Vegan,1965.01,147.38,196.5,65.5,Chinese
Omnivore,965.8,146.58,109.93,48.86,Chinese
Vegan,1962.95,246.29,184.72,82.1,Japanese
Vegetarian,2408.44,166.99,214.7,42.41,Chinese
Omnivore,1756.8,131.76,175.68,58.56,American
Vegetarian,2427.06,168.62,216.79,42.82,American
Vegan,1342.3,184.23,138.17,61.41,American
Omnivore,3219.28,241.45,321.93,107.31,Japanese
Vegetarian,2352.72,285.27,213.95,95.09,Japanese
Vegetarian,2505.56,187.92,250.56,83.52,Chinese
Omnivore,1992.03,149.4,199.2,66.4,Italian
Omnivore,2430.0,182.25,243.0,81.0,Italian
Vegetarian,3406.62,254.33,326.99,64.59,American
Vegetarian,2493.91,187.04,249.39,83.13,Chinese
Omnivore,1924.2,242.42,181.81,80.81,Italian
Omnivore,3217.0,237.74,305.66,60.38,American
Vegetarian,1843.8,138.28,184.38,61.46,[]
Omnivore,2586.95,194.02,258.69,86.23,American
Vegan,2377.38,178.3,237.74,79.25,American
Vegan,1531.3,203.13,152.35,67.71,American
Omnivore,2445.47,294.55,220.91,98.18,[]
Vegetarian,2565.94,180.77,232.42,45.91,Italian
Vegetarian,2390.9700000000003,165.46,212.73,42.02,American
Vegetarian,1900.8,142.56,190.08,63.36,Chinese
Vegetarian,1806.3,135.47,180.63,60.21,American
Vegetarian,2394.47,179.59,239.45,79.82,Chinese
Vegetarian,2088.8,139.02,178.74,35.31,American
Vegetarian,2316.8,158.97,204.39,40.37,Italian
Vegan,1525.03,202.5,151.88,67.5,American
Vegan,3161.24,232.86,299.39,59.14,Chinese
Vegetarian,1863.25,236.33,177.24,78.78,Russian
Vegan,1321.0,182.1,136.57,60.7,American
Omnivore,1917.16,241.72,181.29,80.57,American
Omnivore,2941.56,220.62,294.16,98.05,Chinese
Vegan,2064.72,256.47,192.35,85.49,American
Vegan,2195.31,269.53,202.15,89.84,[]
Vegan,1372.0,187.2,140.4,62.4,Russian
Omnivore,2202.94,165.22,220.29,73.43,Chinese
Vegetarian,1142.5,164.25,123.19,54.75,American
Vegan,1412.8,191.28,143.46,63.76,American
Vegetarian,2824.94,332.49,249.37,110.83,Russian
Omnivore,1705.8,127.93,170.58,56.86,American
Omnivore,1312.3,181.23,135.92,60.41,Italian
Vegetarian,2273.3,155.16,199.5,39.41,[]
Vegetarian,1858.94,235.89,176.92,78.63,American
Omnivore,1818.59,231.86,173.89,77.29,Chinese
Vegan,2409.38,290.94,218.2,96.98,Japanese
Vegan,2081.14,258.11,193.59,86.04,American
Omnivore,1240.0,174.0,130.5,58.0,Italian
Vegetarian,1478.5,197.85,148.39,65.95,Chinese
Vegetarian,1513.3,201.33,151.0,67.11,American
Vegan,2068.28,155.12,206.83,68.94,Chinese
Vegan,1358.31,185.83,139.37,61.94,American
Vegan,2660.47,199.54,266.05,88.68,Italian
Omnivore,2691.18,191.73,246.51,48.69,Japanese
Vegetarian,2348.59,176.14,234.86,78.29,Chinese
Vegan,2543.94,178.84,229.94,45.42,Chinese
Vegetarian,2507.97,300.8,225.6,100.27,American
Vegan,2792.34,209.43,279.23,93.08,American
Omnivore,1436.5,193.65,145.24,64.55,[]
Omnivore,1938.47,145.39,193.85,64.62,Chinese
Omnivore,1418.5,191.85,143.89,63.95,American
Omnivore,1208.5,170.85,128.14,56.95,American
Vegetarian,2682.56,190.97,245.54,48.5,American
Omnivore,1837.5,233.75,175.31,77.92,American
Vegetarian,2167.6,266.76,200.07,88.92,Italian
Vegetarian,1434.3,107.57,143.43,47.81,Japanese
Omnivore,2566.09,192.46,256.61,85.54,American
Vegetarian,2017.81,151.34,201.78,67.26,Chinese
Vegetarian,2034.0,152.55,203.4,67.8,[]
Vegan,2349.7200000000003,161.85,208.09,41.1,American
Omnivore,3557.75,266.83,355.78,118.59,[]
Omnivore,2014.88,251.49,188.62,83.83,American
Vegetarian,2861.78,214.63,286.18,95.39,Chinese
Vegan,2676.09,190.41,244.81,48.36,[]
Vegan,1348.3,184.83,138.62,61.61,American
Vegetarian,2174.38,267.44,200.58,89.15,American
Vegetarian,2164.09,145.61,187.21,36.98,Chinese
Vegan,3137.34,235.3,313.73,104.58,[]
Omnivore,2381.06,288.11,216.08,96.04,American
Omnivore,2456.65,295.67,221.75,98.56,American
Vegetarian,2456.22,184.22,245.62,81.87,American
Vegan,1691.5,219.15,164.36,73.05,American
Vegan,2024.97,252.5,189.37,84.17,American
Omnivore,1388.5,188.85,141.64,62.95,American
Vegan,1118.5,161.85,121.39,53.95,American
Vegan,1921.5,144.11,192.15,64.05,American
Omnivore,1993.5,149.51,199.35,66.45,American
Vegan,2835.75,212.68,283.57,94.53,Chinese
Vegan,2102.0,140.17,180.22,35.6,American
Vegan,2162.72,162.2,216.27,72.09,Japanese
Vegan,1694.5,219.45,164.59,73.15,American
Omnivore,2433.38,293.34,220.0,97.78,Russian
Omnivore,2195.0,269.5,202.12,89.83,Chinese
Vegetarian,2429.5,292.95,219.71,97.65,American
Vegan,3240.84,243.06,324.08,108.03,Chinese
Omnivore,3011.97,225.9,301.2,100.4,Italian
Vegetarian,2235.75,273.57,205.18,91.19,American
Vegetarian,2172.84,162.96,217.28,72.43,[]
Omnivore,3498.38,262.38,349.84,116.61,Chinese
Vegan,1521.3,114.1,152.13,50.71,Russian
Omnivore,3038.12,222.09,285.54,56.4,American
Vegan,2305.62,172.92,230.56,76.85,American
Vegan,3243.6,240.06,308.65,60.97,[]
Vegetarian,2131.51,263.15,197.36,87.72,Chinese
Vegetarian,2372.22,177.92,237.22,79.07,[]
Vegetarian,1976.51,247.65,185.74,82.55,Chinese
Vegan,1509.56,200.96,150.72,66.99,[]
Vegan,2085.01,258.5,193.88,86.17,Chinese
Vegetarian,2245.97,274.6,205.95,91.53,American
Vegetarian,1871.5,237.15,177.86,79.05,Russian
Vegetarian,1864.14,236.41,177.31,78.8,Japanese
Omnivore,2330.69,283.07,212.3,94.36,Italian
Vegan,3307.12,380.71,285.53,126.9,Chinese
Vegetarian,2625.83,186.01,239.16,47.24,Japanese
Omnivore,2527.12,189.53,252.71,84.24,Russian
Omnivore,2914.12,211.24,271.59,53.65,Russian
Vegetarian,2686.25,191.3,245.95,48.58,Chinese
Vegan,1995.89,249.59,187.19,83.2,Chinese
Vegan,2156.31,265.63,199.22,88.54,American
Vegetarian,1243.0,174.3,130.72,58.1,Chinese
Omnivore,2263.78,154.33,198.43,39.2,American
Omnivore,2546.96,191.02,254.7,84.9,Japanese
Vegan,3053.5,229.01,305.35,101.78,Chinese
Omnivore,2044.81,254.48,190.86,84.83,Japanese
Omnivore,2146.22,264.62,198.47,88.21,Chinese
Omnivore,2703.2,202.74,270.32,90.11,Italian
Vegetarian,2667.53,316.75,237.56,105.58,Chinese
Vegan,2342.37,284.24,213.18,94.75,Chinese
Omnivore,1602.19,210.22,157.66,70.07,Russian
Vegetarian,1555.0,205.5,154.12,68.5,American
Vegetarian,2691.25,319.12,239.34,106.38,American
Vegan,2518.5,188.89,251.85,83.95,American
Vegetarian,2358.33,176.87,235.83,78.61,Chinese
Omnivore,2300.6,280.06,210.04,93.35,American
Vegetarian,1275.3,95.65,127.53,42.51,[]
Vegan,2399.22,179.94,239.92,79.97,Japanese
Vegan,2720.76,194.32,249.84,49.35,[]
Vegetarian,2889.62,338.96,254.22,112.99,Italian
Vegan,1867.8,140.08,186.78,62.26,Russian
Omnivore,2124.88,262.49,196.87,87.5,Italian
Vegetarian,1816.88,231.69,173.77,77.23,Chinese
Omnivore,2378.97,287.9,215.92,95.97,American
Omnivore,1701.0,220.1,165.07,73.37,Russian
Vegan,2473.28,185.5,247.33,82.44,Italian
Vegan,3048.85,223.02,286.75,56.64,American
Vegetarian,1231.3,173.13,129.85,57.71,American
Vegan,2030.38,253.04,189.78,84.35,Russian
Vegetarian,2343.35,284.33,213.25,94.78,American
Vegetarian,2989.95,224.25,299.0,99.66,American
Vegetarian,1142.8,164.28,123.21,54.76,American
Vegan,2357.03,285.7,214.28,95.23,[]
Vegetarian,1710.31,221.03,165.77,73.68,Russian
Omnivore,1710.3,128.27,171.03,57.01,American
Vegan,3104.75,227.92,293.03,57.88,Russian
Vegan,2090.09,259.01,194.26,86.34,American
Vegetarian,2498.97,187.42,249.9,83.3,Chinese
Vegan,2277.69,170.83,227.77,75.92,[]
Omnivore,2447.85,294.79,221.09,98.26,American
Vegetarian,1596.88,209.69,157.27,69.9,American
Vegan,1357.8,101.83,135.78,45.26,Japanese
Omnivore,2430.34,293.03,219.78,97.68,American
Vegan,2078.88,257.89,193.42,85.96,Chinese
Vegetarian,1977.0,148.28,197.7,65.9,American
Vegan,2467.62,185.07,246.76,82.25,Chinese
Vegetarian,1969.09,147.68,196.91,65.64,Chinese
Omnivore,2278.38,277.84,208.38,92.61,Chinese
Vegetarian,1574.88,207.49,155.62,69.16,Japanese
Vegan,1547.8,204.78,153.58,68.26,American
Vegetarian,1803.69,230.37,172.78,76.79,[]
Vegetarian,2845.72,213.43,284.57,94.86,Russian
Omnivore,1219.09,171.91,128.93,57.3,American
Omnivore,1738.0,223.8,167.85,74.6,Chinese
Vegetarian,1775.9699999999998,227.6,170.7,75.87,Japanese
Omnivore,1966.97,147.52,196.7,65.57,Chinese
Vegetarian,3102.59,227.73,292.79,57.84,[]
Vegetarian,2622.5,185.72,238.78,47.17,[]
Omnivore,1543.94,204.39,153.3,68.13,Chinese
Vegetarian,2108.26,260.83,195.62,86.94,American
Vegan,1808.47,135.64,180.85,60.28,[]
Vegetarian,1613.81,211.38,158.54,70.46,Chinese
Vegan,1712.38,221.24,165.93,73.75,American
Omnivore,1940.81,145.56,194.08,64.69,American
Vegetarian,1825.6,232.56,174.42,77.52,American
Omnivore,1442.5,194.25,145.69,64.75,[]
Vegetarian,2078.88,257.89,193.42,85.96,[]
Vegetarian,3176.62,234.2,301.12,59.48,American
Omnivore,1397.5,189.75,142.31,63.25,Japanese
Vegetarian,1621.5,121.61,162.15,54.05,Italian
Vegan,2995.5,218.36,280.74,55.46,Russian
Vegetarian,2508.47,188.14,250.85,83.62,American
Vegetarian,1796.25,229.62,172.22,76.54,American
Omnivore,2936.81,220.26,293.68,97.89,American
Omnivore,3167.6,233.41,300.11,59.28,American
Vegetarian,2091.8,139.28,179.08,35.37,American
Vegetarian,2118.8,141.64,182.12,35.97,Italian
Vegan,3317.88,248.84,331.79,110.6,American
Vegetarian,3165.56,233.24,299.88,59.23,American
Omnivore,2152.03,265.2,198.9,88.4,Italian
Vegetarian,3352.38,249.58,320.89,63.39,Russian
Omnivore,2364.25,286.43,214.82,95.47,American
Vegetarian,1400.8,190.08,142.56,63.36,American
Vegetarian,3335.75,248.13,319.02,63.02,Chinese
Omnivore,3143.38,231.3,297.38,58.74,American
Omnivore,3130.72,234.8,313.07,104.36,Chinese
Vegetarian,2338.83,283.88,212.91,94.63,American
Vegetarian,2012.46,251.25,188.43,83.75,American
Vegan,2017.81,151.34,201.78,67.26,American
Vegetarian,2819.12,211.43,281.91,93.97,Italian
Omnivore,2236.71,273.67,205.25,91.22,Japanese
Vegan,2682.97,318.3,238.72,106.1,Russian
Omnivore,2760.22,207.02,276.02,92.01,American
Vegan,1820.5,136.54,182.05,60.68,American
Vegetarian,2950.22,221.27,295.02,98.34,[]
Omnivore,2188.31,164.12,218.83,72.94,American
Omnivore,2135.3,143.09,183.97,36.34,American
Omnivore,2065.47,256.55,192.41,85.52,American
Vegan,2449.51,170.58,219.32,43.32,American
Omnivore,2896.69,209.71,269.63,53.26,Chinese
Vegetarian,2391.0,179.32,239.1,79.7,Chinese
Vegetarian,1724.06,222.41,166.8,74.14,[]
Vegan,1311.91,181.19,135.89,60.4,Japanese
Vegan,2253.19,275.32,206.49,91.77,Russian
Omnivore,1840.5,138.04,184.05,61.35,American
Vegan,2861.69,214.63,286.17,95.39,Chinese
Vegan,2076.25,155.72,207.62,69.21,Chinese
Vegan,1588.2800000000002,208.83,156.62,69.61,American
Vegetarian,2182.97,268.3,201.22,89.43,Italian
Vegan,1565.7600000000002,206.58,154.93,68.86,American
Vegan,2661.6,316.16,237.12,105.39,Japanese
Omnivore,2583.19,193.74,258.32,86.11,Japanese
Omnivore,2319.19,173.94,231.92,77.31,Chinese
Omnivore,2139.8,143.48,184.48,36.44,[]
Omnivore,1887.0,238.7,179.03,79.57,Russian
Vegetarian,2684.88,318.49,238.87,106.16,American
Vegetarian,2425.75,181.93,242.58,80.86,Russian
Vegetarian,1801.75,230.18,172.63,76.72,Russian
Vegetarian,1932.8,125.37,161.19,31.84,[]
Vegan,2154.34,265.43,199.08,88.48,Italian
Vegetarian,2929.97,343.0,257.25,114.33,American
Vegan,2848.75,334.88,251.16,111.62,American
Vegan,1714.56,221.46,166.09,73.82,American
Omnivore,2888.81,216.66,288.88,96.29,American
Vegan,2196.0,164.7,219.6,73.2,Japanese
Vegetarian,3045.22,228.39,304.52,101.51,Chinese
Vegetarian,2567.66,180.92,232.61,45.95,Japanese
Omnivore,3390.38,252.91,325.17,64.23,Chinese
Vegan,2489.69,186.73,248.97,82.99,Russian
Omnivore,1410.87,191.09,143.32,63.7,Japanese
Vegan,1777.8,133.33,177.78,59.26,Japanese
Omnivore,2340.21,284.02,213.02,94.67,American
Vegetarian,2133.22,159.99,213.32,71.11,Russian
Vegetarian,1803.31,135.25,180.33,60.11,[]
Vegetarian,2145.19,143.95,185.08,36.56,American
Omnivore,2980.12,217.01,279.01,55.11,Italian
Vegan,2352.12,176.41,235.21,78.4,American
Vegan,1103.94,160.39,120.3,53.46,Japanese
Vegan,2140.03,143.5,184.5,36.45,Russian
Omnivore,2775.28,199.09,255.97,50.56,Russian
Vegetarian,2780.47,199.54,256.55,50.68,Russian
Vegetarian,2394.41,165.76,213.12,42.1,American
Omnivore,2554.06,191.55,255.41,85.14,American
Vegan,2355.31,285.53,214.15,95.18,American
Vegan,1620.0100000000002,212.0,159.0,70.67,Russian
Vegetarian,2443.1,294.31,220.73,98.1,American
Vegan,3168.72,237.65,316.87,105.62,American
Vegan,2500.62,175.05,225.07,44.46,[]
Omnivore,2372.56,287.26,215.44,95.75,American
Vegan,1729.41,129.71,172.94,57.65,Chinese
Omnivore,2473.65,185.52,247.37,82.45,Chinese
Vegetarian,2064.0,154.8,206.4,68.8,Italian
Omnivore,1471.0,197.1,147.82,65.7,[]
Omnivore,1157.8,165.78,124.33,55.26,American
Vegan,2460.89,296.09,222.07,98.7,American
Vegan,2397.97,289.8,217.35,96.6,American
Vegetarian,2028.3,152.12,202.83,67.61,[]
Vegetarian,1390.0,189.0,141.75,63.0,[]
Vegan,2088.44,258.84,194.13,86.28,American
Omnivore,2634.35,197.58,263.44,87.81,American
Vegetarian,2417.41,291.74,218.81,97.25,Russian
Vegan,3471.12,259.97,334.25,66.02,[]
Omnivore,2390.75,289.07,216.81,96.36,[]
Omnivore,2765.62,326.56,244.92,108.85,American
Vegetarian,2303.69,172.78,230.37,76.79,American
Vegan,2588.18,308.82,231.61,102.94,American
Vegan,1782.89,133.72,178.29,59.43,American
Vegetarian,2577.35,193.3,257.74,85.91,American
Vegan,2255.3,153.59,197.47,39.01,American
Vegan,1379.5,187.95,140.96,62.65,Chinese
Omnivore,3638.5,272.89,363.85,121.28,American
Vegan,2317.22,173.79,231.72,77.24,American
Vegan,2059.44,255.94,191.96,85.31,Italian
Vegan,2305.03,172.88,230.5,76.83,Japanese
Vegan,1505.78,200.58,150.43,66.86,American
Vegetarian,2613.69,196.03,261.37,87.12,Chinese
Omnivore,1717.5,128.81,171.75,57.25,[]
Vegetarian,2960.71,215.31,276.83,54.68,American
Vegan,2113.8,158.53,211.38,70.46,Italian
Vegetarian,3332.12,249.91,333.21,111.07,American
Omnivore,2000.78,250.08,187.56,83.36,Russian
Vegan,2392.1,179.41,239.21,79.74,American
Omnivore,1639.39,213.94,160.45,71.31,American
Omnivore,2933.5,212.93,273.77,54.08,Russian
Omnivore,3603.35,270.25,360.34,120.11,Chinese
Vegan,3008.22,350.82,263.12,116.94,Russian
Omnivore,1885.8,141.44,188.58,62.86,Russian
Vegetarian,2407.47,290.75,218.06,96.92,American
Vegan,2851.12,335.11,251.33,111.7,Russian
Omnivore,2324.35,282.44,211.83,94.14,Japanese
Vegetarian,2664.06,199.8,266.41,88.8,American
Vegan,1721.1,222.11,166.58,74.04,Japanese
Vegetarian,2608.26,195.62,260.83,86.94,American
Vegan,1435.66,193.57,145.17,64.52,Russian
Vegetarian,2914.6,218.59,291.46,97.15,American
Vegetarian,2419.31,181.45,241.93,80.64,Russian
Vegetarian,2264.81,276.48,207.36,92.16,American
Vegan,2813.6,331.36,248.52,110.45,American
Vegan,2287.5,171.56,228.75,76.25,Russian
Omnivore,1911.3,143.35,191.13,63.71,American
Vegan,2150.5,265.05,198.79,88.35,Italian
Vegetarian,1567.0,206.7,155.03,68.9,American
Omnivore,1515.39,201.54,151.15,67.18,American
Vegetarian,1167.19,166.72,125.04,55.57,American
Vegetarian,2313.62,158.69,204.03,40.3,Chinese
Vegan,2127.97,262.8,197.1,87.6,American
Vegan,2472.64,185.45,247.26,82.42,American
Omnivore,2151.88,161.39,215.19,71.73,Chinese
Vegetarian,2250.8,153.19,196.97,38.91,Chinese
Vegetarian,1514.72,201.47,151.1,67.16,American
Vegan,1949.41,146.21,194.94,64.98,Russian
Vegetarian,2030.89,152.32,203.09,67.7,Chinese
Vegetarian,2337.5,160.78,206.72,40.83,Chinese
Vegetarian,2838.56,204.62,263.09,51.97,Japanese
Omnivore,3102.59,227.73,292.79,57.84,American
Vegetarian,2327.19,174.54,232.72,77.57,American
Omnivore,2551.69,191.38,255.17,85.06,Italian
Vegan,3002.0,225.15,300.2,100.07,Russian
Omnivore,2030.3,133.9,172.16,34.01,Chinese
Vegan,2270.5,170.29,227.05,75.68,American
Vegan,2512.28,301.23,225.92,100.41,Japanese
Vegan,2122.5,159.19,212.25,70.75,[]
Omnivore,2753.58,206.52,275.36,91.79,[]
Omnivore,2568.78,306.88,230.16,102.29,Chinese
Vegan,1861.8,139.63,186.18,62.06,Russian
Vegetarian,2803.56,210.27,280.36,93.45,Japanese
Vegan,1413.31,191.33,143.5,63.78,American
Vegetarian,2614.22,196.07,261.42,87.14,American
Vegetarian,2167.71,266.77,200.08,88.92,Chinese
Vegan,2028.47,152.14,202.85,67.62,Chinese
Omnivore,2664.06,199.8,266.41,88.8,American
Omnivore,1509.0,113.17,150.9,50.3,American
Vegetarian,2083.12,156.23,208.31,69.44,Chinese
Omnivore,2558.0,180.07,231.53,45.73,American
Vegetarian,2440.4700000000003,169.79,218.3,43.12,Japanese
Omnivore,1308.3,98.12,130.83,43.61,Russian
Vegan,2195.3,148.34,190.72,37.67,American
Vegan,2006.12,150.46,200.61,66.87,Chinese
Omnivore,2373.44,178.01,237.34,79.11,[]
Vegan,2355.03,176.63,235.5,78.5,Chinese
Vegetarian,2037.06,152.78,203.71,67.9,American
Vegetarian,3389.38,252.82,325.06,64.21,American
Vegetarian,1145.5,164.55,123.41,54.85,Chinese
Vegetarian,3370.6,252.79,337.06,112.35,American
Vegan,1499.5,199.95,149.96,66.65,American
Vegan,1914.0,143.55,191.4,63.8,American
Vegan,1663.8,124.78,166.38,55.46,American
Omnivore,1663.91,216.39,162.29,72.13,Chinese
Omnivore,1971.0,147.82,197.1,65.7,American
Omnivore,1430.5,193.05,144.79,64.35,Russian
Vegetarian,2656.38,315.64,236.73,105.21,American
Omnivore,2345.72,284.57,213.43,94.86,Japanese
Vegan,2590.16,194.26,259.02,86.34,Russian
Vegan,2718.31,203.87,271.83,90.61,American
Omnivore,1435.8,107.68,143.58,47.86,[]
Vegan,3069.0,230.17,306.9,102.3,American
Vegan,2619.22,185.43,238.41,47.09,Russian
Vegan,2583.47,182.3,234.39,46.3,[]
Vegan,1820.5,232.05,174.04,77.35,Italian
Omnivore,2145.9,160.94,214.59,71.53,American
Omnivore,3135.0,230.56,296.44,58.56,Japanese
Omnivore,2219.09,150.42,193.4,38.2,[]
Omnivore,1812.0,135.9,181.2,60.4,American
Omnivore,2231.28,167.35,223.13,74.38,Japanese
Vegetarian,3026.5,221.07,284.23,56.14,American
Omnivore,2421.72,292.17,219.13,97.39,[]
Vegan,1916.41,143.73,191.64,63.88,American
Vegan,1957.47,146.81,195.75,65.25,Japanese
Vegan,2050.97,255.1,191.32,85.03,Chinese
Vegetarian,2084.62,258.46,193.85,86.15,Chinese
Vegetarian,2179.56,267.96,200.97,89.32,American
Omnivore,3107.62,360.76,270.57,120.25,[]
Omnivore,2947.45,214.15,275.34,54.39,Chinese
Vegetarian,2183.3,147.29,189.37,37.41,[]
Omnivore,2722.88,322.29,241.72,107.43,American
Omnivore,1374.3,103.07,137.43,45.81,American
Omnivore,2492.53,186.94,249.25,83.08,Chinese
Vegan,1492.38,199.24,149.43,66.41,American
Omnivore,2166.12,162.46,216.61,72.2,American
Vegan,2534.03,190.05,253.4,84.47,[]
Vegan,2536.7200000000003,178.21,229.13,45.26,American
Vegan,2225.68,166.93,222.57,74.19,[]
Omnivore,2376.62,178.25,237.66,79.22,American
Vegan,2282.5,171.19,228.25,76.08,American
Omnivore,1815.5,231.55,173.66,77.18,American
Vegetarian,2267.35,276.74,207.55,92.24,[]
Vegetarian,2647.88,198.59,264.79,88.26,American
Omnivore,2051.69,255.17,191.38,85.06,Russian
Omnivore,2079.8,138.23,177.73,35.11,American
Vegetarian,1951.45,146.36,195.15,65.05,[]
Vegan,1408.16,190.82,143.11,63.61,American
Omnivore,1376.5,187.65,140.74,62.55,American
Vegan,2109.47,158.21,210.95,70.32,Japanese
Omnivore,1773.0,132.97,177.3,59.1,[]
Omnivore,1738.0,223.8,167.85,74.6,Russian
Vegan,3452.12,258.31,332.11,65.6,Japanese
Vegan,2067.85,256.79,192.59,85.59,Italian
Omnivore,1500.3,112.52,150.03,50.01,Italian
Vegan,3857.0,289.27,385.7,128.57,American
Omnivore,1964.88,147.37,196.49,65.5,Chinese
Omnivore,2441.97,183.15,244.2,81.4,Chinese
Vegan,3264.31,241.88,310.98,61.43,American
Vegan,2984.25,223.82,298.43,99.47,American
Vegetarian,2156.7,265.67,199.25,88.56,Chinese
Vegan,1553.75,205.38,154.03,68.46,American
Vegetarian,2432.03,182.4,243.2,81.07,[]
Omnivore,2076.88,257.69,193.27,85.9,American
Vegan,2034.03,253.4,190.05,84.47,Italian
Omnivore,2740.75,205.56,274.07,91.36,Chinese
Omnivore,2806.56,201.82,259.49,51.26,Chinese
Vegetarian,2203.2,270.32,202.74,90.11,Chinese
Vegan,1958.6,245.86,184.39,81.95,Chinese
Omnivore,1718.91,221.89,166.42,73.96,Italian
Omnivore,1586.56,208.66,156.49,69.55,Chinese
Omnivore,2732.22,323.22,242.42,107.74,American
Omnivore,2778.76,208.41,277.88,92.63,American
Vegetarian,2388.47,288.85,216.64,96.28,American
Omnivore,2743.0,324.3,243.22,108.1,[]
Vegetarian,2313.64,281.36,211.02,93.79,American
Vegan,2237.72,167.83,223.77,74.59,Japanese
Vegetarian,2012.46,251.25,188.43,83.75,Japanese
Vegetarian,3045.22,228.39,304.52,101.51,[]
Vegetarian,1555.0,205.5,154.12,68.5,American
Omnivore,2404.7,290.47,217.85,96.82,American
Omnivore,2960.38,346.04,259.53,115.35,American
Vegan,1852.5,138.94,185.25,61.75,Chinese
Vegetarian,2156.93,265.69,199.27,88.56,[]
Omnivore,3263.25,244.74,326.33,108.77,Chinese
Vegan,2648.56,198.64,264.86,88.29,American
Vegan,2598.75,194.91,259.88,86.62,American
Vegetarian,2945.47,220.91,294.55,98.18,American
Vegetarian,2453.85,184.04,245.38,81.8,Italian
Vegan,2663.22,316.32,237.24,105.44,American
Vegetarian,2245.03,168.38,224.5,74.83,Russian
Vegetarian,1942.8,145.71,194.28,64.76,American
Vegetarian,3504.25,400.43,300.32,133.47,[]
Omnivore,1841.01,138.08,184.1,61.37,American
Vegetarian,1193.31,169.33,127.0,56.44,American
Vegan,1794.88,229.49,172.12,76.5,Japanese
Vegan,2472.85,185.46,247.28,82.43,Chinese
Vegetarian,2482.53,298.25,223.69,99.42,[]
Vegetarian,1819.0,231.9,173.92,77.3,American
Vegetarian,2369.44,286.94,215.21,95.65,American
Vegetarian,3396.25,254.72,339.62,113.21,American
Vegan,1652.5,215.25,161.44,71.75,American
Omnivore,1394.8,189.48,142.11,63.16,Chinese
Vegetarian,2059.22,255.92,191.94,85.31,Chinese
Vegetarian,2740.84,324.08,243.06,108.03,American
Vegan,2695.49,192.11,246.99,48.79,American
Vegetarian,1571.5,207.15,155.36,69.05,Chinese
Vegan,2721.37,194.37,249.9,49.36,[]
Vegan,2120.01,159.0,212.0,70.67,Italian
Vegetarian,2280.83,171.06,228.08,76.03,American
Vegan,1863.25,236.33,177.24,78.78,American
Omnivore,2109.24,158.19,210.92,70.31,[]
Vegetarian,2068.0,155.1,206.8,68.93,Japanese
Omnivore,1596.3,119.72,159.63,53.21,Chinese
Vegetarian,2292.09,171.91,229.21,76.4,Japanese
Vegan,1872.01,140.4,187.2,62.4,American
Omnivore,2542.2200000000003,178.69,229.75,45.38,Japanese
Vegetarian,1189.88,168.99,126.74,56.33,American
Vegan,1283.8,178.38,133.78,59.46,American
Omnivore,1714.8,128.61,171.48,57.16,Italian
Vegan,2641.66,314.17,235.62,104.72,Chinese
Vegetarian,1679.38,217.94,163.45,72.65,Japanese
Vegetarian,1911.0,143.32,191.1,63.7,Chinese
Vegan,2151.88,161.39,215.19,71.73,Italian
Omnivore,1800.0300000000002,230.0,172.5,76.67,Russian
Vegan,2344.53,284.45,213.34,94.82,American
Vegetarian,1373.62,103.02,137.36,45.79,American
Vegetarian,1261.0,176.1,132.07,58.7,American
Vegan,1801.5,135.11,180.15,60.05,[]
Vegan,1577.9699999999998,207.8,155.85,69.27,Japanese
Vegan,2084.62,258.46,193.85,86.15,Japanese
Vegan,865.3,136.53,102.4,45.51,American
Vegetarian,2293.0,156.89,201.71,39.84,American
Vegetarian,3307.44,245.65,315.84,62.39,American
Vegetarian,3529.72,264.73,352.97,117.66,Russian
Vegan,1900.34,240.03,180.03,80.01,Italian
Omnivore,1564.3000000000002,206.43,154.82,68.81,[]
Vegan,2027.12,252.71,189.53,84.24,Chinese
Vegetarian,3063.78,224.33,288.43,56.97,Japanese
Vegan,1954.22,146.57,195.42,65.14,American
Omnivore,2721.44,322.14,241.61,107.38,Chinese
Vegetarian,2648.56,198.64,264.86,88.29,Chinese
Vegetarian,2327.19,174.54,232.72,77.57,American
Omnivore,1720.62,222.06,166.55,74.02,Japanese
Vegan,3057.1,229.28,305.71,101.9,Chinese
Omnivore,1787.66,228.77,171.57,76.26,Russian
Omnivore,2241.56,274.16,205.62,91.39,Russian
Vegan,1182.14,168.21,126.16,56.07,American
Vegan,1366.0,186.6,139.95,62.2,[]
Vegan,2085.34,258.53,193.9,86.18,Chinese
Vegan,2127.38,159.55,212.74,70.91,Japanese
Vegetarian,3456.22,258.67,332.57,65.69,Japanese
Vegetarian,2738.87,205.42,273.89,91.3,Japanese
Omnivore,1739.5300000000002,223.95,167.96,74.65,Japanese
Omnivore,1716.0,128.7,171.6,57.2,Chinese
Vegetarian,2359.88,176.99,235.99,78.66,Chinese
Omnivore,2607.16,310.72,233.04,103.57,Russian
Vegetarian,2665.22,199.89,266.52,88.84,American
Omnivore,1461.14,196.11,147.09,65.37,American
Omnivore,1864.84,139.86,186.48,62.16,Italian
Vegan,2482.22,186.17,248.22,82.74,American
Vegetarian,2286.31,278.63,208.97,92.88,Russian
Omnivore,2119.41,141.7,182.18,35.99,American
Omnivore,2142.88,160.72,214.29,71.43,Italian
Omnivore,3106.5,232.99,310.65,103.55,Chinese
Omnivore,1935.56,145.17,193.56,64.52,Italian
Vegan,2626.56,312.66,234.49,104.22,American
Vegan,2180.65,268.06,201.05,89.36,Japanese
Omnivore,1942.34,244.23,183.18,81.41,[]
Omnivore,1421.91,192.19,144.14,64.06,American
Omnivore,2378.75,178.41,237.88,79.29,[]
Vegetarian,3053.47,355.35,266.51,118.45,Chinese
Vegan,2274.84,170.61,227.48,75.83,American
Vegetarian,1677.3,125.8,167.73,55.91,Russian
Vegan,2019.0,151.42,201.9,67.3,American
Vegan,1997.83,249.78,187.34,83.26,Chinese
Omnivore,1552.19,205.22,153.91,68.41,Chinese
Omnivore,2413.47,181.01,241.35,80.45,Chinese
Vegan,2070.0,155.25,207.0,69.0,Russian
Vegan,2262.6,276.26,207.19,92.09,Italian
Omnivore,2332.62,283.26,212.45,94.42,Italian
Omnivore,2755.94,325.59,244.2,108.53,American
Vegan,1624.38,212.44,159.33,70.81,American
Vegan,2506.1,187.96,250.61,83.54,Chinese
Omnivore,2487.5,173.91,223.59,44.17,American
Vegetarian,3507.88,263.09,350.79,116.93,Russian
Omnivore,2684.88,318.49,238.87,106.16,American
Vegetarian,2113.5,158.51,211.35,70.45,Chinese
Omnivore,1339.41,183.94,137.96,61.31,Italian
Vegan,1372.3,187.23,140.42,62.41,Chinese
Vegetarian,1431.88,193.19,144.89,64.4,American
Omnivore,2042.38,254.24,190.68,84.75,American
Vegan,2805.35,210.4,280.54,93.51,Chinese
Omnivore,1772.69,227.27,170.45,75.76,American
Vegan,2792.22,329.22,246.92,109.74,American
Omnivore,2300.97,280.1,210.07,93.37,Japanese
Omnivore,1973.65,247.37,185.52,82.45,American
Omnivore,2257.84,275.78,206.84,91.93,American
Omnivore,1901.3,122.61,157.65,31.14,Italian
Vegan,2297.09,279.71,209.78,93.24,Russian
Omnivore,2922.5,211.97,272.53,53.83,American
Vegan,2543.81,304.38,228.29,101.46,Italian
Vegetarian,2927.56,219.57,292.76,97.59,American
Omnivore,2065.64,256.56,192.42,85.52,Italian
Omnivore,1714.56,221.46,166.09,73.82,Chinese
Vegan,1960.62,246.06,184.55,82.02,Chinese
Vegetarian,2758.5,325.85,244.39,108.62,[]
Omnivore,3028.6,227.14,302.86,100.95,American
Omnivore,1351.3,185.13,138.85,61.71,Italian
Vegan,2129.6,262.96,197.22,87.65,American
Vegetarian,2160.83,145.32,186.84,36.91,American
Omnivore,2051.81,153.89,205.18,68.39,Russian
Omnivore,1815.7,231.57,173.68,77.19,American
Vegetarian,1386.3,103.97,138.63,46.21,Chinese
Vegan,1738.33,130.37,173.83,57.94,[]
Vegan,2658.38,188.86,242.82,47.96,Italian
Vegetarian,1731.12,129.83,173.11,57.7,Chinese
Vegetarian,1357.97,185.8,139.35,61.93,American
Vegan,2139.0,160.42,213.9,71.3,American
Vegan,3032.31,221.58,284.88,56.27,American
Omnivore,3068.53,224.75,288.96,57.08,American
Vegetarian,2001.44,150.11,200.14,66.71,Russian
Vegan,2870.22,337.02,252.77,112.34,American
Vegetarian,2378.59,287.86,215.89,95.95,Chinese
Vegetarian,1603.75,210.38,157.78,70.12,American
Omnivore,2383.34,288.33,216.25,96.11,American
Omnivore,2697.22,319.72,239.79,106.57,Russian
Vegan,1726.3000000000002,222.63,166.97,74.21,American
Vegan,1258.3,175.83,131.87,58.61,Chinese
Omnivore,2191.59,148.01,190.3,37.59,Russian
Vegetarian,2849.22,334.92,251.19,111.64,Chinese
Omnivore,1842.66,234.27,175.7,78.09,Italian
Vegetarian,2550.84,191.31,255.08,85.03,American
Vegetarian,1687.0,218.7,164.03,72.9,Chinese
Omnivore,3013.1,351.31,263.48,117.1,American
Vegan,1770.0,132.75,177.0,59.0,American
Vegan,1765.8,132.44,176.58,58.86,American
Vegan,2109.06,260.91,195.68,86.97,American
Vegan,2055.16,255.52,191.64,85.17,Russian
Vegan,2829.75,332.98,249.73,110.99,Japanese
Vegetarian,1867.8,140.08,186.78,62.26,American
